,id,url,date_catch,index_fraction,initials,country
112,10392,https://freeflow.mdba.gov.au,2018-08-25 22:09:40,0,au,Austrália 
499,63610,http://ftp4.de.freesbie.org/pub/misc/conferencing/ftp.ee.lbl.gov/,2018-08-30 06:59:55,1910,us,Estados Unidos da América
702,100473,https://handicap-free.nat.gov.tw,2018-09-01 07:12:49,2946,tw,Taiwan
793,118952,https://www.handicap-free.nat.gov.tw,2018-09-04 02:43:21,3435,tw,Taiwan
996,6176,http://data.environment.nsw.gov.au,2018-09-11 07:03:23,3793,au,Austrália 
1096,17602,https://www.transportation.gov/pr,2018-09-11 14:45:47,4096,us,Estados Unidos da América
1118,21059,https://data.nj.gov/,2018-09-11 17:15:29,4191,us,Estados Unidos da América
1122,21292,http://transportation.gov.ng,2018-09-11 17:24:33,4197,ng,Nigéria
1143,23413,https://stereodata.nascom.nasa.gov/,2018-09-11 19:00:55,4253,us,Estados Unidos da América
1151,24537,http://data.gov.gh,2018-09-11 19:48:43,4283,gh,Gana
1155,25095,http://www.transparencia.sp.gov.br,2018-09-11 20:13:27,4299,br,Brasil 
1159,25659,https://data.illinois.gov/pa,2018-09-11 20:36:56,4315,us,Estados Unidos da América
1160,25805,http://www.transparencia.cmsucupiradonorte.ma.gov.br,2018-09-11 20:42:43,4319,br,Brasil 
1166,26840,http://data.nconemap.gov/do,2018-09-11 21:29:40,4348,us,Estados Unidos da América
1180,28295,http://transparencia.cariacica.es.gov.br,2018-09-11 22:24:45,4387,br,Brasil 
1201,30872,http://transalvador.salvador.ba.gov.br,2018-09-12 00:12:45,4460,br,Brasil 
1242,35368,http://stcsecom.transparencia.pb.gov.br,2018-09-12 10:32:14,4570,br,Brasil 
1254,36690,https://transactionalnetwork.pnnl.gov/,2018-09-12 11:21:37,4602,us,Estados Unidos da América
1289,40941,https://www.openrecords.pa.gov/,2018-09-12 14:06:47,4705,us,Estados Unidos da América
1301,42346,http://lab.environment.data.gov.au,2018-09-12 15:03:24,4740,au,Austrália 
1315,43647,http://transparencia.picos.pi.gov.br,2018-09-12 15:49:16,4771,br,Brasil 
1323,44629,https://guidance.data.gov.uk,2018-09-12 16:30:46,4795,gb,Reino Unido 
1324,44661,http://transparencia.lagoadedentro.pb.gov.br,2018-09-12 16:31:59,4796,br,Brasil 
1342,46047,http://transparencia.causp.gov.br,2018-09-12 17:23:49,4831,br,Brasil 
1350,46929,https://www.thetransat.com/venues/view/www.plymouth.gov.uk,2018-09-12 18:02:03,4854,gb,Reino Unido 
1352,47069,http://odc.open.gov.ru,2018-09-12 18:06:39,4857,ru,Federação Russa
1356,47588,http://data.treasury.gov/Fe,2018-09-12 18:27:55,4870,us,Estados Unidos da América
1399,53417,https://www.data.gov/fo,2018-09-12 22:17:15,5011,us,Estados Unidos da América
1426,56280,http://waterdata.azdeq.gov/AZ,2018-09-13 10:44:24,5081,us,Estados Unidos da América
1432,56965,http://open-storage-conference.nstm.gov.tw,2018-09-13 11:12:14,5098,tw,Taiwan
1442,57839,https://ip.openadmintools.com/en/dns3.gov.il,2018-09-13 11:47:06,5119,il,Israel 
1444,57940,http://databases.lrpv.gov.lv,2018-09-13 11:50:56,5121,lv,Letônia
1456,60298,http://apteachertransfers17.cgg.gov.in,2018-09-13 13:30:21,5181,in,India 
1459,61074,http://transition.ne.gov/,2018-09-13 14:02:05,5200,us,Estados Unidos da América
1474,65132,https://data.maine.gov/,2018-09-13 16:50:55,5303,us,Estados Unidos da América
1486,68932,http://www.transportes.gov.br,2018-09-13 19:24:30,5398,br,Brasil 
1510,74036,http://pvc.datasus.gov.br,2018-09-13 22:51:16,5526,br,Brasil 
1518,76335,http://www.transparencia.ce.gov.br,2018-09-14 00:18:47,5584,br,Brasil 
1522,76825,https://data.mesaaz.gov/,2018-09-14 00:36:12,5596,us,Estados Unidos da América
2389,78531,https://www.openadmintools.com/zh-cn/apsumoa.gov.bd,2018-09-11 03:32:40,3657,bd,Bangladesh 
2394,78536,http://vtrans.vermont.gov/fi,2018-09-11 03:50:58,3670,us,Estados Unidos da América
2414,78556,http://transparencia.camarariogrande.rs.gov.br,2018-09-11 06:39:24,3776,br,Brasil 
2419,78561,http://vtrans.vermont.gov/pr,2018-09-11 07:14:52,3802,us,Estados Unidos da América
2439,78581,http://transparencia.pinhao.pr.gov.br,2018-09-11 09:00:37,3874,br,Brasil 
2440,78582,http://hartrans.gov.in,2018-09-11 09:40:03,3899,in,India 
2445,78587,http://transmichiquis.transmilenio.gov.co,2018-09-11 10:27:03,3931,co,Colômbia
2446,78588,https://transparencia.pirai.rj.gov.br,2018-09-11 10:27:03,3931,br,Brasil 
2460,78602,http://dftrans.df.gov.br,2018-09-11 13:04:41,4032,br,Brasil 
3331,79478,http://opendata.suffolkcountyny.gov/,2018-08-25 12:20:12,0,us,Estados Unidos da América
3345,79492,https://www.openadmintools.com/en/factfinder2.census.gov/,2018-08-25 13:25:59,0,us,Estados Unidos da América
3348,79495,https://data.sandiego.gov/da,2018-08-25 13:59:06,0,us,Estados Unidos da América
3360,79507,https://data.sandiego.gov/,2018-08-25 15:48:08,0,us,Estados Unidos da América
3372,79519,https://www.openadmintools.com/en/sbtetap.gov.in,2018-08-25 17:05:19,0,in,India 
3375,79522,http://data.museum.wa.gov.au,2018-08-25 17:23:19,0,au,Austrália 
3392,79539,https://www.openadmintools.com/en/news.gpwb.gov.tw,2018-08-25 18:41:42,0,tw,Taiwan
3442,79590,http://www.transparencia.gov.br,2018-08-26 00:21:53,0,br,Brasil 
3481,79629,https://data.sandiego.gov/se,2018-08-26 05:19:39,0,us,Estados Unidos da América
3491,79639,https://data.sandiego.gov/st,2018-08-26 06:05:28,0,us,Estados Unidos da América
3498,79646,http://www.transparencia.araioses.ma.gov.br,2018-08-26 07:03:23,0,br,Brasil 
3513,79661,https://data.bloomington.in.gov/,2018-08-26 11:30:18,668,us,Estados Unidos da América
3515,79663,http://roadsafety.transport.nsw.gov.au,2018-08-26 12:04:12,681,au,Austrália 
3517,79665,https://waterdata.usgs.gov/la,2018-08-26 12:30:28,693,us,Estados Unidos da América
3527,79675,https://developer.earthdata.nasa.gov/,2018-08-26 16:04:17,768,us,Estados Unidos da América
3533,79681,https://www.openadmintools.com/en/www.pagibigfund.gov.ph,2018-08-26 17:14:38,797,ph,Filipinas
3544,79692,https://data.cdc.gov.tw,2018-08-26 20:25:58,876,tw,Taiwan
3545,79693,https://www.openadmintools.com/en/www.odessa-tx.gov/,2018-08-26 20:27:51,877,us,Estados Unidos da América
3551,79699,http://openbudget.ct.gov/,2018-08-26 21:57:17,912,us,Estados Unidos da América
3576,79724,http://hrtransport.gov.in,2018-08-27 05:17:19,1066,in,India 
3577,79725,https://datavizpublic.in.gov/,2018-08-27 05:35:19,1074,us,Estados Unidos da América
3578,79726,http://transparencia.cmporecatu.pr.gov.br,2018-08-27 05:35:19,1074,br,Brasil 
3583,79731,http://databank.per.gov.ie,2018-08-27 10:38:56,1099,ie,Irlanda 
3596,79744,http://transparency.ilocossur.gov.ph,2018-08-27 23:30:14,1177,ph,Filipinas
3597,79745,http://ministere-transports.gov.dz,2018-08-27 23:42:51,1182,dz,Argélia
3598,79746,https://dataarchitecture.blog.gov.uk,2018-08-28 00:06:28,1189,gb,Reino Unido 
3599,79747,http://transparencia.camarafelizburgo.mg.gov.br,2018-08-28 00:20:07,1193,br,Brasil 
3605,79753,http://labs.data.scotland.gov.uk,2018-08-28 01:07:22,1208,gb,Reino Unido 
3613,79761,https://henlopenacres.delaware.gov/ev,2018-08-28 10:58:05,1249,us,Estados Unidos da América
3614,79762,http://pi.transparencia.gov.br,2018-08-28 11:09:37,1254,br,Brasil 
3617,79765,https://henlopenacres.delaware.gov/20,2018-08-28 11:31:22,1262,us,Estados Unidos da América
3628,79776,http://www.transparencia.lagoverde.ma.gov.br,2018-08-28 14:05:51,1321,,
3656,79804,https://visualize.data.gov.in,2018-08-29 01:55:01,1392,in,India 
3659,79807,http://transparencia.mariahelena.pr.gov.br,2018-08-29 02:23:53,1403,br,Brasil 
3663,79811,http://opendata.wigan.gov.uk,2018-08-29 02:49:46,1412,gb,Reino Unido 
3681,79829,https://www.open-dc.gov/,2018-08-29 10:06:52,1460,us,Estados Unidos da América
3718,79866,http://transparencia.montesantodeminas.mg.gov.br,2018-08-29 16:06:58,1594,br,Brasil 
3723,79871,http://transitobarrancabermeja.gov.co,2018-08-29 16:39:18,1607,co,Colômbia
3737,79885,http://ukmia092m0sd5j96lp00u8icmj158u2i-a-sites-opensocial.googleusercontent.com/gadgets/ifr?url=https://sites.google.com/a/wyo.gov/os,2018-08-29 18:41:03,1656,us,Estados Unidos da América
3746,79894,https://transparencia.fundac.ubatuba.sp.gov.br,2018-08-29 19:19:55,1670,br,Brasil 
3750,79898,https://data.kingcounty.gov/,2018-08-29 20:28:57,1690,us,Estados Unidos da América
3760,79908,http://gtkc5gf3huj3htfehfglb66205vdeqac-a-sites-opensocial.googleusercontent.com/gadgets/ifr?url=https://sites.google.com/a/wyo.gov/bo,2018-08-29 22:35:04,1728,us,Estados Unidos da América
3761,79909,http://geodata.gov.gr,2018-08-29 22:39:49,1730,gr,Grécia
3766,79914,http://opensocfabric.lbl.gov/,2018-08-29 23:41:44,1750,us,Estados Unidos da América
3768,79916,http://transparencia.cubati.pb.gov.br,2018-08-29 23:48:21,1752,br,Brasil 
3782,79930,https://bdap-opendata.mef.gov.it,2018-08-30 01:25:17,1782,it,Itália 
3790,79938,http://transport.saratov.gov.ru,2018-08-30 03:37:20,1832,ru,Federação Russa
3795,79943,http://www.transportforchristchurch.govt.n,2018-08-30 04:33:29,1853,,
3807,79955,http://transparencia.campinas.sp.gov.br,2018-08-30 06:00:31,1886,br,Brasil 
3816,79965,https://www.transport.govt.n,2018-08-30 07:04:53,1912,,
3817,79966,http://en.transport.gov.pl,2018-08-30 07:09:55,1914,pl,Polônia 
3818,79967,http://transparencia.quatroirmaos.rs.gov.br,2018-08-30 07:12:06,1915,br,Brasil 
3820,79969,http://portaltransparencia.porecatu.pr.gov.br,2018-08-30 07:18:36,1918,br,Brasil 
3851,80000,http://thedomainfo.com/open.glasgow.gov.uk,2018-08-30 12:21:38,2030,gb,Reino Unido 
3867,80016,http://www.transparencia.saojoaodoparaiso.ma.gov.br,2018-08-30 15:18:41,2096,br,Brasil 
3883,80032,https://transtats.bts.gov/,2018-08-30 18:04:01,2168,us,Estados Unidos da América
3888,80037,http://vtrans.vermont.gov/ab,2018-08-30 18:49:05,2187,us,Estados Unidos da América
3896,80045,http://transparencia.francinopolis.pi.gov.br,2018-08-30 20:02:38,2215,br,Brasil 
3905,80054,https://waterdata.usgs.gov/ga,2018-08-30 21:32:33,2245,us,Estados Unidos da América
3933,80082,http://transparencia.nazaredamata.pe.gov.br,2018-08-31 03:08:01,2339,br,Brasil 
3943,80092,http://opendata.hccg.gov.tw,2018-08-31 04:38:28,2374,tw,Taiwan
3956,80105,http://transparencia.jaboticabal.sp.gov.br,2018-08-31 06:17:32,2412,br,Brasil 
3965,80114,http://transportes.mg.gov.br,2018-08-31 07:53:59,2451,br,Brasil 
3978,80127,http://vtrans.vermont.gov/op,2018-08-31 11:53:56,2506,us,Estados Unidos da América
3988,80137,http://moncadatarlac.gov.ph,2018-08-31 13:24:58,2538,ph,Filipinas
3995,80144,http://patdata1.sipo.gov.cn,2018-08-31 14:26:54,2564,cn,China
3996,80145,http://data.gov.in,2018-08-31 15:27:45,2587,in,India 
3997,80146,https://www.nevadatax.nv.gov/lo,2018-08-31 16:04:24,2601,us,Estados Unidos da América
3998,80147,http://data.azgs.az.gov/ho,2018-08-31 17:41:45,2640,us,Estados Unidos da América
3999,80148,https://www.nevadatax.nv.gov/ab,2018-08-31 18:22:27,2656,us,Estados Unidos da América
4001,80150,http://data.zjzwfw.gov.cn,2018-08-31 20:05:27,2695,cn,China
4002,80151,https://www.nevadatax.nv.gov/co,2018-08-31 21:43:04,2733,us,Estados Unidos da América
4004,80153,https://dataweb.usitc.gov/,2018-09-01 00:30:31,2793,us,Estados Unidos da América
4005,80154,https://geodata.geology.utah.gov/im,2018-09-01 00:35:54,2795,us,Estados Unidos da América
4006,80156,http://transparencia.tce.sp.gov.br,2018-09-01 00:38:25,2796,br,Brasil 
4007,80157,http://www.rmw.vtransprojects.vermont.gov/,2018-09-01 00:38:25,2796,us,Estados Unidos da América
4008,80158,https://transforming-classification.blogs.archives.gov/20,2018-09-01 00:45:30,2798,us,Estados Unidos da América
4009,80159,https://ncsesdata.nsf.gov/gr,2018-09-01 00:59:47,2803,us,Estados Unidos da América
4010,80160,http://morakotdatabase.nstm.gov.tw,2018-09-01 01:40:33,2817,tw,Taiwan
4011,80161,http://data.azgs.az.gov/ha,2018-09-01 01:45:15,2818,us,Estados Unidos da América
4016,80166,https://transforming-classification.blogs.archives.gov/au,2018-09-01 06:39:14,2932,us,Estados Unidos da América
4019,80170,https://www.nevadatax.nv.gov/,2018-09-01 08:17:51,2974,us,Estados Unidos da América
4021,80172,http://data.azgs.az.gov/ge,2018-09-01 09:11:29,2996,us,Estados Unidos da América
4022,80173,https://www.nevadatax.nv.gov/si,2018-09-01 09:23:55,3001,us,Estados Unidos da América
4025,80176,http://data.orc.govt.n,2018-09-01 10:52:34,3036,,
4026,80177,http://openmyfloridabusiness.gov/eg,2018-09-01 12:16:29,3071,us,Estados Unidos da América
4027,80178,http://data1.gfdl.noaa.gov:83,2018-09-01 12:21:21,3073,,
4028,80179,http://rostransnadzor.gov.ru,2018-09-01 12:34:21,3079,ru,Federação Russa
4029,80180,http://openmyfloridabusiness.gov/fa,2018-09-01 12:58:24,3090,us,Estados Unidos da América
4031,80182,https://mintransporte.gov.co,2018-09-01 13:10:54,3096,co,Colômbia
4032,80183,http://data1.gfdl.noaa.gov/no,2018-09-01 13:12:58,3097,us,Estados Unidos da América
4035,80186,https://health.data.ny.gov/,2018-09-01 16:44:40,3170,us,Estados Unidos da América
4037,80188,https://transparencia.parintins.am.gov.br,2018-09-01 17:22:12,3184,br,Brasil 
4056,80207,https://nwis.waterdata.usgs.gov/nc,2018-09-02 17:59:08,3269,us,Estados Unidos da América
4075,80226,https://www.openadmintools.com/zh-cn/www.childcarelink.gov.sg,2018-09-03 01:40:26,3321,sg,Singapura
4095,80246,https://waterdata.usgs.gov/il,2018-09-04 00:47:47,3399,us,Estados Unidos da América
4105,80256,http://openreconstruction.gov.ph,2018-09-04 02:33:59,3432,ph,Filipinas
4124,80276,https://datacatalog.cookcountyil.gov/,2018-09-05 10:29:36,3499,us,Estados Unidos da América
4145,80297,http://landregistry.data.gov.uk,2018-09-06 00:57:47,3555,gb,Reino Unido 
4149,80301,https://www.openerp.idu.gov.co,2018-09-06 01:41:33,3571,co,Colômbia
4162,80314,http://database.dife.gov.bd,2018-09-06 12:02:28,3621,bd,Bangladesh 
4167,80319,https://www.opencrete.gov.gr,2018-09-06 12:24:28,3628,gr,Grécia
4171,80323,http://opendata.slocounty.ca.gov/,2018-09-06 13:03:40,3642,us,Estados Unidos da América
4179,81577,https://data-archive.nimh.nih.gov/rd,2018-09-14 02:54:01,5648,us,Estados Unidos da América
4203,86880,https://project-open-data.cio.gov/re,2018-09-14 06:00:01,5784,us,Estados Unidos da América
4204,86978,https://project-open-data.cio.gov/la,2018-09-14 06:04:34,5787,us,Estados Unidos da América
4207,87296,https://project-open-data.cio.gov/im,2018-09-14 06:15:45,5795,us,Estados Unidos da América
4208,87424,https://project-open-data.cio.gov/di,2018-09-14 06:20:20,5798,us,Estados Unidos da América
4209,87676,http://www.transparencia.augustinopolis.to.gov.br,2018-09-14 06:30:25,5805,br,Brasil 
4214,88320,https://openforbusiness.wi.gov/,2018-09-14 06:58:10,5822,us,Estados Unidos da América
4216,88460,http://databank.senate.michigan.gov/,2018-09-14 07:04:52,5826,us,Estados Unidos da América
4219,88617,https://project-open-data.cio.gov/gl,2018-09-14 07:10:12,5830,us,Estados Unidos da América
4226,90041,https://data.hud.gov/,2018-09-14 08:01:41,5868,us,Estados Unidos da América
4227,90107,https://smallbusiness.data.gov/,2018-09-14 08:04:31,5870,us,Estados Unidos da América
4233,91600,http://data.moretonbay.qld.gov.au,2018-09-14 09:05:46,5911,au,Austrália 
4235,91900,https://project-open-data.cio.gov/ca,2018-09-14 09:20:26,5921,us,Estados Unidos da América
4236,91940,https://transparencia.lamim.mg.gov.br,2018-09-14 09:22:04,5922,br,Brasil 
4242,93486,https://project-open-data.cio.gov/ap,2018-09-14 12:30:23,5964,us,Estados Unidos da América
4244,93901,https://project-open-data.cio.gov/wo,2018-09-14 12:48:01,5975,us,Estados Unidos da América
4245,93961,https://mintrans.govern,2018-09-14 12:51:02,5977,,
4248,94291,https://project-open-data.cio.gov/ch,2018-09-14 13:04:43,5986,us,Estados Unidos da América
4254,95920,https://project-open-data.cio.gov/tr,2018-09-14 14:13:46,6029,us,Estados Unidos da América
4268,98520,http://dataportal.orr.gov.uk,2018-09-14 16:01:09,6099,gb,Reino Unido 
4270,98933,https://project-open-data.cio.gov/bu,2018-09-14 16:15:57,6109,us,Estados Unidos da América
4271,98954,https://www.mintransporte.gov.co,2018-09-14 16:17:53,6110,co,Colômbia
4273,99466,https://project-open-data.cio.gov/ev,2018-09-14 16:38:30,6123,us,Estados Unidos da América
4274,99598,http://r67oaegd58kle5fvrdum5g5dlolgkjee-a-sites-opensocial.googleusercontent.com/gadgets/ifr?url=https://sites.google.com/a/wyo.gov/re,2018-09-14 16:44:38,6127,us,Estados Unidos da América
4277,100371,https://project-open-data.cio.gov/op,2018-09-14 17:16:58,6149,us,Estados Unidos da América
4278,100389,https://project-open-data.cio.gov/en,2018-09-14 17:16:58,6149,us,Estados Unidos da América
4284,100651,https://project-open-data.cio.gov/vi,2018-09-14 17:27:41,6156,us,Estados Unidos da América
4286,101127,https://project-open-data.cio.gov/da,2018-09-14 17:47:16,6169,us,Estados Unidos da América
4289,101226,http://digsopen.minerals.nsw.gov.au,2018-09-14 17:52:17,6172,au,Austrália 
4291,101728,http://www.hoosierdata.in.gov/,2018-09-14 18:14:58,6185,us,Estados Unidos da América
4296,102313,https://data.cese.nsw.gov.au,2018-09-14 18:41:07,6201,au,Austrália 
4300,102644,https://project-open-data.cio.gov/go,2018-09-14 18:53:43,6210,us,Estados Unidos da América
4309,103935,https://project-open-data.cio.gov/po,2018-09-14 19:50:39,6244,us,Estados Unidos da América
4310,104031,https://datascience.nih.gov/,2018-09-14 19:53:34,6246,us,Estados Unidos da América
4311,104538,https://project-open-data.cio.gov/fe,2018-09-14 20:14:29,6260,us,Estados Unidos da América
4317,105408,https://project-open-data.cio.gov/as,2018-09-14 20:50:03,6282,us,Estados Unidos da América
4320,105859,http://data.outdoornebraska.gov/,2018-09-14 21:08:54,6295,us,Estados Unidos da América
4324,106124,https://www.data.gov/co,2018-09-14 21:19:42,6302,us,Estados Unidos da América
4333,107522,https://project-open-data.cio.gov/fa,2018-09-14 22:19:44,6340,us,Estados Unidos da América
4334,107667,https://data.alaska.gov/,2018-09-14 22:25:18,6344,us,Estados Unidos da América
4335,107831,http://cidadao.dataprev.gov.br,2018-09-14 22:32:55,6349,br,Brasil 
4337,108094,http://open.gov.nl,2018-09-14 22:42:32,6356,nl,Holanda 
4339,108552,https://www.openadmintools.com/en/www.nihe.gov.uk,2018-09-14 23:03:15,6369,gb,Reino Unido 
4340,108675,https://project-open-data.cio.gov/fu,2018-09-14 23:08:16,6372,us,Estados Unidos da América
4343,109207,https://www.goatransport.gov.in,2018-09-14 23:29:01,6387,in,India 
4348,109369,https://project-open-data.cio.gov/pr,2018-09-14 23:35:13,6391,us,Estados Unidos da América
4350,109637,http://transparencia.mari.pb.gov.br,2018-09-14 23:46:30,6399,br,Brasil 
4352,110261,http://transparencia.jaru.ro.gov.br,2018-09-15 00:09:45,6415,br,Brasil 
4353,110374,http://transparencia.chupinguaia.ro.gov.br,2018-09-15 00:14:03,6418,br,Brasil 
4384,115876,http://transparencia.semaeop.mg.gov.br,2018-09-15 04:09:12,6557,br,Brasil 
4386,117154,http://transparencia.maranhaozinho.ma.gov.br,2018-09-15 04:57:33,6590,br,Brasil 
4398,119298,https://opendata.drohobych-rada.gov.ua,2018-09-15 06:14:36,6644,ua,Ucrânia
4404,120616,https://waterdata.usgs.gov/mo,2018-09-15 07:01:28,6678,us,Estados Unidos da América
4406,120942,http://safetydata.fra.dot.gov/we,2018-09-15 07:14:28,6687,us,Estados Unidos da América
4411,122063,https://deptrans.govern,2018-09-15 07:54:37,6716,,
4414,123043,https://data.westsuffolk.gov.uk,2018-09-15 08:28:13,6740,gb,Reino Unido 
4431,126597,http://md511.org/messages/exit.asp?URL=www.transportation.wv.gov/,2018-09-15 10:42:19,6829,us,Estados Unidos da América
4443,128013,https://www.gen-agedcaredata.gov.au,2018-09-15 11:36:34,6865,au,Austrália 
4446,128406,http://www.transparencia.rj.gov.br,2018-09-15 11:51:43,6876,br,Brasil 
4453,131231,http://safetydata.fra.dot.gov/ci,2018-09-15 13:36:04,6947,us,Estados Unidos da América
4459,132972,https://data.imls.gov/,2018-09-15 15:04:07,6992,us,Estados Unidos da América
4461,133600,https://openforge.gov.in,2018-09-15 15:25:17,7007,in,India 
4488,136664,http://portaldaestrategia.transportes.gov.br,2018-09-15 17:15:01,7085,br,Brasil 
4495,137679,http://www.teknolojitransferi.gov.tr,2018-09-15 17:53:42,7113,tr,Turquia
4497,137925,https://data.littlerockar.gov/,2018-09-15 18:01:43,7119,us,Estados Unidos da América
4529,142527,https://transparencia.arroiodosal.rs.gov.br,2018-09-15 20:48:12,7238,br,Brasil 
4564,145435,http://www.transport.act.gov.au,2018-09-15 22:43:02,7314,au,Austrália 
4578,147170,https://openi.nlm.nih.gov/,2018-09-15 23:47:50,7360,us,Estados Unidos da América
4624,152590,http://rmkq94p8l30eiroqbp56lb81g3679ojv-a-sites-opensocial.googleusercontent.com/gadgets/ifr?url=https://sites.google.com/a/wyo.gov/ph,2018-09-16 03:32:38,7502,us,Estados Unidos da América
4636,154014,http://transparencia.lagoverde.ma.gov.br,2018-09-16 04:24:36,7538,,
4658,156164,http://www.transport.gov.mg,2018-09-16 05:45:01,7593,mg,Madagascar
4660,156938,https://opencoesione.gov.it,2018-09-16 06:15:33,7613,it,Itália 
4671,158824,http://www.transparenciacultura.sp.gov.br,2018-09-16 07:31:39,7663,br,Brasil 
4672,159052,https://www.transperth.wa.gov.au,2018-09-16 07:40:33,7669,au,Austrália 
4676,161173,http://transparencia.pmcoxilha.rs.gov.br,2018-09-16 09:02:46,7725,br,Brasil 
4679,163535,https://ip.openadmintools.com/en/gbext.gn.gov.ie,2018-09-16 10:32:15,7787,ie,Irlanda 
4681,164054,http://openschool.kerala.gov.in,2018-09-16 10:52:17,7801,in,India 
4691,170271,http://transparencia.parademinas.mg.gov.br,2018-09-16 14:44:24,7964,br,Brasil 
4692,171334,https://www.accessdata.fda.gov/dr,2018-09-16 15:21:46,7991,us,Estados Unidos da América
4698,177227,http://consultas.transitobogota.gov.co,2018-09-16 19:08:13,8148,co,Colômbia
4705,179979,https://www.transparency.treasury.gov/,2018-09-16 20:51:35,8221,us,Estados Unidos da América
4713,183757,https://dataintheclassroom.noaa.gov/,2018-09-16 23:19:33,8321,us,Estados Unidos da América
4715,184300,http://data.growingupinaustralia.gov.au,2018-09-16 23:41:17,8337,au,Austrália 
4724,186273,https://deepseacoraldata.noaa.gov/,2018-09-17 01:04:18,8392,us,Estados Unidos da América
4734,187836,http://m.martrans.gov.ua,2018-09-17 02:12:30,8433,ua,Ucrânia
4737,188477,http://opendata.mon.gov.ru,2018-09-17 02:34:57,8449,ru,Federação Russa
4738,188525,http://www.transparencia.zedoca.ma.gov.br,2018-09-17 02:37:00,8450,br,Brasil 
4739,188649,http://www.transparencia.jatoba.ma.gov.br,2018-09-17 02:41:48,8453,br,Brasil 
4745,189856,http://transparencia.ap.gov.br,2018-09-17 03:27:26,8486,br,Brasil 
4747,189926,http://transparencia.timbiras.ma.gov.br,2018-09-17 03:31:02,8488,br,Brasil 
4752,191018,http://csw.data.gov.uk,2018-09-17 04:12:25,8517,gb,Reino Unido 
4771,196024,https://transportation.bellevuewa.gov/,2018-09-17 07:34:17,8655,us,Estados Unidos da América
4772,196192,http://www.transparencia.lagoagrande.ma.gov.br,2018-09-17 07:39:40,8659,br,Brasil 
4776,196823,https://transportation.bellevuewa.gov/pl,2018-09-17 08:06:19,8677,us,Estados Unidos da América
4783,198709,http://www.data.telangana.gov.in,2018-09-17 09:18:25,8725,in,India 
4790,200349,http://canaldoservidor.transportes.gov.br,2018-09-17 10:31:22,8771,br,Brasil 
4792,200724,http://portaldatransparencia.angical.ba.gov.br,2018-09-17 10:47:39,8782,br,Brasil 
4793,200808,https://transportation.bellevuewa.gov/sa,2018-09-17 10:51:07,8785,us,Estados Unidos da América
4807,203268,http://transparenciareceitas.pbh.gov.br,2018-09-17 12:33:18,8851,br,Brasil 
4808,203306,http://www.open.hqsc.govt.n,2018-09-17 12:34:42,8852,,
4831,207044,https://transportation.bellevuewa.gov/pr,2018-09-17 15:20:51,8951,us,Estados Unidos da América
4833,207339,https://transparencia.jundiai.sp.gov.br,2018-09-17 15:32:41,8958,br,Brasil 
4849,209234,http://155.178.194.215/Resources/_leaving.cfm?ref=FAST&uri=http://www.data.gov/,2018-09-17 16:53:46,9006,us,Estados Unidos da América
4854,209677,http://transparencia.areia.pb.gov.br,2018-09-17 17:14:52,9018,br,Brasil 
4857,210115,http://portaldatransparencia.santaritadecassia.ba.gov.br,2018-09-17 17:35:16,9029,br,Brasil 
4865,211551,http://cdfdata.fire.ca.gov/,2018-09-17 18:33:07,9065,us,Estados Unidos da América
4877,213022,http://data.govt.n,2018-09-18 13:44:20,9102,,
4891,216136,http://caltrans.ca.gov/d3,2018-09-18 15:42:32,9179,us,Estados Unidos da América
4893,216183,http://transparencia.franciscomacedo.pi.gov.br,2018-09-18 15:45:35,9181,br,Brasil 
4908,219199,https://open.maryland.gov/in,2018-09-18 17:48:29,9257,us,Estados Unidos da América
4909,219563,http://opencantieri.mit.gov.it,2018-09-18 18:03:13,9266,it,Itália 
4913,219810,http://servicosbhtrans.pbh.gov.br,2018-09-18 18:12:50,9273,br,Brasil 
4920,220194,https://www.data.act.gov.au,2018-09-18 18:26:30,9282,au,Austrália 
4923,220703,http://transparencia.camarariocrespo.ro.gov.br,2018-09-18 18:45:32,9295,br,Brasil 
4945,224906,http://transparencia.pmnf.rj.gov.br,2018-09-18 21:45:20,9404,br,Brasil 
4949,225233,http://testdata.gov.hr,2018-09-18 21:57:09,9412,hr,Croácia
4953,225968,http://hketransport.gov.hk,2018-09-18 22:25:15,9430,hk,Hong-Kong 
4955,226128,https://reports.data.montgomerycountymd.gov/,2018-09-18 22:30:00,9434,us,Estados Unidos da América
4970,228355,https://transtats.bts.gov/ex,2018-09-18 23:50:59,9489,us,Estados Unidos da América
4971,229045,http://opendata.firstmap.delaware.gov/,2018-09-19 00:17:26,9507,us,Estados Unidos da América
4986,231226,https://data.govt.n,2018-09-19 01:42:41,9561,,
4987,231427,http://caltrans.ca.gov/tr,2018-09-19 01:52:42,9566,us,Estados Unidos da América
4988,231555,http://www.transparencia.jatei.ms.gov.br,2018-09-19 01:56:53,9569,br,Brasil 
4989,231670,https://data.exim.gov/,2018-09-19 02:02:13,9572,us,Estados Unidos da América
4992,232124,http://transparencia.riachao.pb.gov.br,2018-09-19 02:22:48,9583,br,Brasil 
4997,234175,http://www.transparenciasergipe.se.gov.br,2018-09-19 03:41:59,9637,br,Brasil 
5000,236044,http://www.policeroadstransport.fs.gov.za,2018-09-19 05:00:07,9689,za,Africa do Sul 
5004,237746,http://transportplan.sa.gov.au,2018-09-19 06:13:09,9736,au,Austrália 
5006,238234,https://openbook.illinoiscomptroller.gov/,2018-09-19 06:34:41,9750,us,Estados Unidos da América
5007,238672,http://www.transparencia.ilhasolteira.sp.gov.br,2018-09-19 06:52:23,9762,br,Brasil 
5008,238724,http://transparencia.ouropretodooeste.ro.gov.br,2018-09-19 06:54:43,9764,br,Brasil 
5010,239612,https://data.gov.om,2018-09-19 07:30:26,9789,om,Omã
5013,241256,https://www.landata.vic.gov.au,2018-09-19 08:40:06,9835,au,Austrália 
5014,241518,http://transferencias.mi.gov.br,2018-09-19 08:51:55,9842,br,Brasil 
5026,247153,http://transparencia.xn--nario-rta.gov.co,2018-09-19 12:59:01,10000,co,Colômbia
5032,249552,https://opendata.camden.gov.uk,2018-09-19 14:58:09,10067,gb,Reino Unido 
5034,250130,http://www.transalvador.salvador.ba.gov.br,2018-09-19 15:24:51,10083,br,Brasil 
5035,250133,http://www.transparencia.palmeirandia.ma.gov.br,2018-09-19 15:24:51,10083,br,Brasil 
5044,252715,https://transparencia.prefeituradetucuma.pa.gov.br,2018-09-19 18:21:25,10156,br,Brasil 
5049,254555,http://data.gov.om,2018-09-19 19:41:27,10206,om,Omã
5052,255032,http://www.dftrans.df.gov.br,2018-09-20 17:43:07,10219,br,Brasil 
5081,260246,http://data.youth.gov.ae,2018-09-20 21:07:57,10365,ae,Emirados Árabes Unidos
5082,260408,https://data.energystar.gov/,2018-09-20 21:12:59,10369,us,Estados Unidos da América
5086,261220,http://transparencia.vistalegredoprata.rs.gov.br,2018-09-20 23:04:25,10392,br,Brasil 
5092,263195,https://digital-agenda-data.eu/data/factsheet.action?uri=http://reference.data.gov.uk,2018-09-21 00:19:54,10448,gb,Reino Unido 
5097,264072,http://quality.data.gov.tw,2018-09-21 00:53:38,10472,tw,Taiwan
5101,264842,http://transparencia.lajes.rn.gov.br,2018-09-21 01:25:50,10494,br,Brasil 
5105,265758,https://data.results.wa.gov/,2018-09-21 02:12:38,10521,us,Estados Unidos da América
5107,265981,https://opendata.utah.gov/,2018-09-21 02:21:35,10527,us,Estados Unidos da América
5125,269333,https://transportation.house.gov/ta,2018-09-21 04:25:54,10620,us,Estados Unidos da América
5131,270266,http://healthtransformation.ohio.gov/,2018-09-21 05:04:44,10648,us,Estados Unidos da América
5133,270521,https://future.transport.nsw.gov.au,2018-09-21 05:15:49,10655,au,Austrália 
5139,271348,https://mrdata.usgs.gov/,2018-09-21 05:47:55,10678,us,Estados Unidos da América
5148,272169,http://transparencia.alvaresmachado.sp.gov.br,2018-09-21 06:21:21,10701,br,Brasil 
5154,273036,http://www.transparency.essex-fire.gov.uk,2018-09-21 06:51:35,10724,gb,Reino Unido 
5157,273800,http://www.datasus.gov.br,2018-09-21 07:18:24,10745,br,Brasil 
5161,274195,http://datashare.colchester.gov.uk,2018-09-21 07:31:41,10755,gb,Reino Unido 
5167,276168,https://transparencycaucus-quigley.house.gov/,2018-09-21 08:51:25,10810,us,Estados Unidos da América
5169,276526,https://data.govt.l,2018-09-21 09:04:42,10820,,
5176,277469,http://portaldatransparencia.jaboatao.pe.gov.br,2018-09-21 09:40:17,10846,br,Brasil 
5180,278101,http://getonboard.transperth.wa.gov.au,2018-09-21 10:05:29,10864,au,Austrália 
5186,279434,https://data.charlottecountyfl.gov/Fa,2018-09-21 10:52:13,10897,us,Estados Unidos da América
5193,280832,https://data.charlottecountyfl.gov/Tr,2018-09-21 11:37:37,10930,us,Estados Unidos da América
5195,281530,https://data.charlottecountyfl.gov/El,2018-09-21 12:01:23,10947,us,Estados Unidos da América
5199,281941,https://data.charlottecountyfl.gov/Ut,2018-09-21 12:13:12,10956,us,Estados Unidos da América
5200,282118,http://transition2018.nj.gov/,2018-09-21 12:18:26,10960,us,Estados Unidos da América
5212,283906,http://odishatransport.gov.in,2018-09-21 16:29:52,11004,in,India 
5213,284188,https://data.charlottecountyfl.gov/Bu,2018-09-21 16:39:23,11011,us,Estados Unidos da América
5226,285999,http://preview.data.gov.au,2018-09-21 17:35:00,11054,au,Austrália 
5230,286268,http://transportinfrastructurecouncil.gov.au,2018-09-21 17:44:36,11061,au,Austrália 
5236,286909,http://openbi.dc.gov/,2018-09-21 18:05:21,11076,us,Estados Unidos da América
5237,286919,https://data.charlottecountyfl.gov/CC,2018-09-21 18:06:56,11077,us,Estados Unidos da América
5243,288181,https://data.charlottecountyfl.gov/Wi,2018-09-21 18:50:10,11108,us,Estados Unidos da América
5244,288701,http://data.gov.ua,2018-09-21 19:08:00,11120,ua,Ucrânia
5256,291699,http://transparencia.alemparaiba.mg.gov.br,2018-09-21 20:48:29,11195,br,Brasil 
5264,293195,http://data.gov.ro,2018-09-21 21:35:26,11231,ro,Romênia 
5267,293450,https://data.charlottecountyfl.gov/In,2018-09-21 21:44:51,11237,us,Estados Unidos da América
5268,293484,https://data.charlottecountyfl.gov/Me,2018-09-21 21:46:35,11238,us,Estados Unidos da América
5270,293658,https://data.charlottecountyfl.gov/Pu,2018-09-21 21:50:58,11242,us,Estados Unidos da América
5278,294786,https://transitoaduanero.dian.gov.co,2018-09-21 22:28:28,11270,co,Colômbia
5279,294824,https://data.charlottecountyfl.gov/,2018-09-21 22:30:00,11271,us,Estados Unidos da América
5280,294888,http://data.bracknell-forest.gov.uk,2018-09-21 22:32:26,11273,gb,Reino Unido 
5284,295674,https://data.charlottecountyfl.gov/Ag,2018-09-21 22:58:33,11292,us,Estados Unidos da América
5286,296111,http://www.transparencia.cmsaojosedosbasilios.ma.gov.br,2018-09-21 23:11:45,11302,br,Brasil 
5288,296147,https://data.gov.au,2018-09-21 23:12:58,11303,au,Austrália 
5292,296726,https://data.charlottecountyfl.gov/Co,2018-09-21 23:31:20,11317,us,Estados Unidos da América
5297,297460,https://data.charlottecountyfl.gov/Pr,2018-09-21 23:57:24,11335,us,Estados Unidos da América
5298,297474,https://pub.data.gov.bc,2018-09-21 23:57:24,11335,bc,
5301,297841,http://data.hounslow.gov.uk,2018-09-22 00:09:04,11344,gb,Reino Unido 
5304,298139,https://data.charlottecountyfl.gov/Gr,2018-09-22 00:19:40,11351,us,Estados Unidos da América
5306,298366,https://geodatacontracts.er.usgs.gov/,2018-09-22 00:27:33,11356,us,Estados Unidos da América
5310,298720,http://transparencia.pastosbons.ma.gov.br,2018-09-22 00:40:05,11365,br,Brasil 
5314,299678,https://transparencia.alemparaiba.mg.gov.br,2018-09-22 01:13:59,11389,br,Brasil 
5318,300617,https://data.charlottecountyfl.gov/Hu,2018-09-22 01:47:37,11412,us,Estados Unidos da América
5321,301302,https://data.hartford.gov/,2018-09-22 02:20:05,11429,us,Estados Unidos da América
5332,305105,http://publicdata.landregistry.gov.uk,2018-09-22 04:41:05,11523,gb,Reino Unido 
5335,305914,https://waterdata.usgs.gov/nv,2018-09-22 05:11:14,11545,us,Estados Unidos da América
5340,306655,https://www.data.gov/di,2018-09-22 05:37:25,11564,us,Estados Unidos da América
5354,310393,https://www.data.gov/la,2018-09-22 07:44:08,11659,us,Estados Unidos da América
5355,310748,http://open.nv.gov/,2018-09-22 07:55:11,11668,us,Estados Unidos da América
5364,312181,https://data.gov.tw,2018-09-22 08:40:18,11704,tw,Taiwan
5373,314482,https://www.data.gov/bu,2018-09-22 11:13:38,11761,us,Estados Unidos da América
5376,315117,https://www.data.gov/ma,2018-09-22 11:33:33,11777,us,Estados Unidos da América
5379,315340,https://www.data.gov/op,2018-09-22 11:41:07,11782,us,Estados Unidos da América
5383,316247,https://www.data.gov/im,2018-09-22 12:12:10,11805,us,Estados Unidos da América
5392,317359,https://data.mo.gov/,2018-09-22 12:49:31,11833,us,Estados Unidos da América
5403,319573,http://data.roanokecountyva.gov/,2018-09-22 14:03:15,11886,us,Estados Unidos da América
5414,322176,https://www.data.gov/lo,2018-09-22 15:26:50,11950,us,Estados Unidos da América
5419,322732,https://data.nysed.gov/,2018-09-22 15:43:27,11964,us,Estados Unidos da América
5422,323150,https://www.data.gov/ed,2018-09-22 15:54:28,11973,us,Estados Unidos da América
5424,323345,https://www.data.gov/ec,2018-09-22 16:00:35,11978,us,Estados Unidos da América
5426,323769,https://yoursay.transport.nsw.gov.au,2018-09-22 16:11:59,11988,au,Austrália 
5437,325892,http://informe.com/bhtrans.pbh.gov.br,2018-09-22 17:23:21,12042,br,Brasil 
5439,326124,https://data.melbourne.vic.gov.au,2018-09-22 17:31:08,12048,au,Austrália 
5442,326538,https://www.data.gov/re,2018-09-22 17:43:40,12058,us,Estados Unidos da América
5448,327154,https://www.data.gov/se,2018-09-22 18:03:41,12075,us,Estados Unidos da América
5450,327289,https://www.data.gov/oc,2018-09-22 18:08:46,12079,us,Estados Unidos da América
5453,327662,https://www.data.gov/en,2018-09-22 18:21:48,12088,us,Estados Unidos da América
5456,328018,https://www.data.vic.gov.au,2018-09-22 18:32:56,12096,au,Austrália 
5463,329177,https://www.data.gov/sa,2018-09-22 19:10:14,12125,us,Estados Unidos da América
5469,329692,https://www.openadmintools.com/en/www.eba.gov.tr,2018-09-22 19:24:57,12137,tr,Turquia
5473,330443,http://dataknowledge.stats.govt.n,2018-09-22 19:48:52,12156,,
5475,330647,http://www.transparencia.ma.gov.br,2018-09-22 19:56:32,12162,br,Brasil 
5481,333990,http://open.alabama.gov/,2018-09-22 21:49:59,12249,us,Estados Unidos da América
5483,334525,https://catalogue.data.wa.gov.au,2018-09-22 22:08:29,12262,au,Austrália 
5484,334597,https://www.data.gov/cl,2018-09-22 22:11:20,12264,us,Estados Unidos da América
5487,336438,http://open.alabama.gov/Ch,2018-09-22 23:17:15,12314,us,Estados Unidos da América
5498,340514,https://transparencia.emdurb.ubatuba.sp.gov.br,2018-09-23 01:45:39,12424,br,Brasil 
5500,340872,https://wp-bsp.data.gov/,2018-09-23 01:58:45,12434,us,Estados Unidos da América
5504,341866,http://transparencia.rondondopara.pa.gov.br,2018-09-23 02:37:01,12461,br,Brasil 
5519,347658,https://wp-bsp.data.gov/ma,2018-09-23 06:09:38,12619,us,Estados Unidos da América
5523,349447,https://go.openathens.net/redirector/houstontx.gov?ur,2018-09-23 07:12:25,12667,,
5524,349603,https://open.maryland.gov/op,2018-09-23 07:19:15,12672,us,Estados Unidos da América
5526,350071,http://stranskieksperti.gov.mk,2018-09-23 07:34:41,12684,mk,República da Macedonia 
5527,350477,http://open.manchester.gov.uk,2018-09-23 07:47:46,12694,gb,Reino Unido 
5530,351227,https://data.gov.uk,2018-09-23 08:13:11,12714,gb,Reino Unido 
5534,352164,http://bzdata.sd.gov.cn,2018-09-23 08:46:25,12738,cn,China
5535,353137,http://transparencia.piracicaba.sp.gov.br,2018-09-23 09:17:23,12763,br,Brasil 
5554,357817,http://transparencia.cuitedemamanguape.pb.gov.br,2018-09-23 12:07:48,12893,br,Brasil 
5557,359139,https://data.gov.sk,2018-09-23 12:59:57,12931,sk,Eslováquia
5581,365247,http://data.sztjj.gov.cn,2018-09-23 16:42:33,13104,cn,China
5596,368484,http://www.transparencia.pastosbons.ma.gov.br,2018-09-23 18:46:29,13198,br,Brasil 
5605,370857,https://www.transportation.gov/et,2018-09-23 20:14:53,13267,us,Estados Unidos da América
5608,371179,http://cycling.data.tfl.gov.uk,2018-09-23 20:28:42,13277,gb,Reino Unido 
5610,371522,http://data.nconemap.gov/ge,2018-09-23 20:40:00,13286,us,Estados Unidos da América
5612,371844,http://data.scambs.gov.uk,2018-09-23 20:53:16,13296,gb,Reino Unido 
5621,374926,http://openstat.psa.gov.ph,2018-09-24 02:36:11,13384,ph,Filipinas
5623,375368,http://cnd.dataprev.gov.br,2018-09-24 02:52:11,13396,br,Brasil 
5626,375895,http://transparencia.riocuarto.gov.ar,2018-09-24 03:11:46,13412,ar,Argentina 
5627,376349,http://www.transparencia.df.gov.br,2018-09-24 03:30:53,13424,br,Brasil 
5636,378752,http://data.geology.gov.yk,2018-09-24 04:58:26,13488,yk,
5639,379512,https://openrecords.utah.gov/,2018-09-24 05:22:10,13507,us,Estados Unidos da América
5654,382720,https://data.maryland.gov/,2018-09-24 07:09:58,13589,us,Estados Unidos da América
5657,383128,http://unedddatacymru.gov.uk,2018-09-24 07:27:27,13600,gb,Reino Unido 
5685,390621,https://www.support.transport.qld.gov.au,2018-09-24 17:49:09,13790,au,Austrália 
5688,390970,https://mercurytransit.gsfc.nasa.gov/,2018-09-24 18:02:44,13799,us,Estados Unidos da América
5698,393051,http://copa.transalvador.salvador.ba.gov.br,2018-09-24 19:12:27,13851,br,Brasil 
5713,396180,http://www.transparencia.cmaguadoce.ma.gov.br,2018-09-24 21:08:08,13933,br,Brasil 
5717,396539,https://transport.vic.gov.au,2018-09-24 21:22:13,13943,au,Austrália 
5720,397120,http://formsus.datasus.gov.br,2018-09-24 21:42:26,13958,br,Brasil 
5731,398892,http://www.transparencia.presidentemedici.ro.gov.br,2018-09-24 23:04:38,14004,br,Brasil 
5740,400273,http://www.transport.gov.za,2018-09-24 23:53:05,14039,za,Africa do Sul 
5747,401625,http://transparencia.altoparaiso.ro.gov.br,2018-09-25 00:40:33,14073,br,Brasil 
5752,402204,https://mmt.earthdata.nasa.gov/,2018-09-25 01:05:47,14090,us,Estados Unidos da América
5757,405146,http://www.liceopenne.gov.it,2018-09-25 03:16:52,14174,it,Itália 
5790,414219,http://transparencia.lagoagrande.ma.gov.br,2018-09-25 09:03:41,14428,br,Brasil 
5796,415159,https://inmatedatasearch.azcorrections.gov/,2018-09-25 09:41:48,14453,us,Estados Unidos da América
5803,416605,http://www.transportation.gov.ng,2018-09-25 10:42:25,14492,ng,Nigéria
5809,417164,https://data.iowa.gov/,2018-09-25 11:03:01,14507,us,Estados Unidos da América
5810,417931,https://www.opendatani.gov.uk,2018-09-25 11:35:27,14529,gb,Reino Unido 
5816,420023,http://data.taichung.gov.tw,2018-09-25 13:14:10,14590,tw,Taiwan
5829,422707,https://event.data.gov.in,2018-09-25 15:14:07,14664,in,India 
5844,427394,https://smc-datachallenge.ornl.gov/,2018-09-25 18:12:33,14789,us,Estados Unidos da América
5846,428295,http://opendata.columbus.gov/,2018-09-25 18:45:09,14814,us,Estados Unidos da América
5847,429255,https://data.gov.ru,2018-09-25 19:21:52,14840,ru,Federação Russa
5851,431412,http://watp.vtransprojects.vermont.gov/st,2018-09-25 20:38:31,14896,us,Estados Unidos da América
5853,432126,http://watp.vtransprojects.vermont.gov/co,2018-09-25 21:08:08,14916,us,Estados Unidos da América
5855,432259,https://smc-datachallenge.ornl.gov/re,2018-09-25 21:11:53,14919,us,Estados Unidos da América
5856,432755,https://bugs.earthdata.nasa.gov/,2018-09-25 21:32:25,14933,us,Estados Unidos da América
5858,433410,https://www.openadmintools.com/en/tnmtbacgiang.gov.vn,2018-09-25 21:52:20,14949,vn,Vietnã
5859,433425,http://transparencia.saoluis.ma.gov.br,2018-09-25 21:52:20,14949,br,Brasil 
5860,433818,http://watp.vtransprojects.vermont.gov/,2018-09-25 22:07:00,14959,us,Estados Unidos da América
5863,436455,https://data.edd.ca.gov/,2018-09-25 23:44:45,15028,us,Estados Unidos da América
5865,438458,http://watp.vtransprojects.vermont.gov/sc,2018-09-26 01:02:56,15081,us,Estados Unidos da América
5867,438983,http://transports.gov.mr,2018-09-26 01:21:18,15095,mr,Mauritânia
5871,444073,https://www.openadmintools.com/en/molisa.gov.vn,2018-09-26 04:36:30,15229,vn,Vietnã
5872,444178,https://smc-datachallenge.ornl.gov/ch,2018-09-26 04:40:44,15232,us,Estados Unidos da América
5873,444891,http://watp.vtransprojects.vermont.gov/tr,2018-09-26 05:05:00,15250,us,Estados Unidos da América
5874,445136,http://transparencia.mirex.gov.do,2018-09-26 05:15:15,15257,do,República Dominicana 
5875,445910,http://transparencia.cauam.gov.br,2018-09-26 05:43:52,15278,br,Brasil 
5878,449662,http://vtrans.vermont.gov/en,2018-09-26 08:07:34,15376,us,Estados Unidos da América
5888,450819,https://datacenter.gov.mn,2018-09-26 08:49:46,15407,mn,Mongólia
5902,452498,http://statstool.com/pagerank-checker/data.gov.in,2018-09-26 10:45:41,15452,in,India 
5913,454521,http://www.transparencia.ms.gov.br,2018-09-26 12:07:44,15508,br,Brasil 
5924,456645,https://data.colorado.gov/,2018-09-26 13:40:39,15570,us,Estados Unidos da América
5940,459198,http://www.osstransparencia.saude.go.gov.br,2018-09-26 19:13:11,15643,br,Brasil 
5945,459667,https://transport.nt.gov.au,2018-09-26 19:32:20,15656,au,Austrália 
5966,462928,https://edata.perlis.gov.my,2018-09-26 21:43:11,15750,my,Malásia
5978,464075,https://ocsdata.ncd.noaa.gov/RN,2018-09-26 22:30:10,15782,us,Estados Unidos da América
5982,464484,http://gis.kzntransport.gov.za,2018-09-26 22:46:49,15794,za,Africa do Sul 
5992,466363,https://www.data.gov/de,2018-09-27 00:00:55,15848,us,Estados Unidos da América
6000,467603,https://federation.data.gov/,2018-09-27 00:48:30,15882,us,Estados Unidos da América
6020,470407,http://vne8rjakus9kqlk3mra6r0cdr6lhm6hl-a-sites-opensocial.googleusercontent.com/gadgets/ifr?url=https://sites.google.com/a/wyo.gov/ou,2018-09-27 13:12:38,15960,us,Estados Unidos da América
6031,472189,https://www.data.gov/ci,2018-09-27 14:22:42,16008,us,Estados Unidos da América
6034,472848,https://waterdata.usgs.gov/tx,2018-09-27 14:44:23,16025,us,Estados Unidos da América
6039,474517,http://datalb.longbeach.gov/,2018-09-27 15:43:13,16069,us,Estados Unidos da América
6044,475674,https://waterdata.usgs.gov/nc,2018-09-27 16:21:19,16099,us,Estados Unidos da América
6047,475952,https://opendatacouncil.delaware.gov/,2018-09-27 16:31:59,16107,us,Estados Unidos da América
6051,476346,http://portaldatransparencia.cmbarreiras.ba.gov.br,2018-09-27 16:46:53,16118,br,Brasil 
6052,476549,https://api.open.fec.gov/de,2018-09-27 16:53:54,16123,us,Estados Unidos da América
6055,477667,https://opendatacouncil.delaware.gov/wh,2018-09-27 17:31:58,16152,us,Estados Unidos da América
6056,477697,https://data.gov.il,2018-09-27 17:31:58,16152,il,Israel 
6058,478072,http://sctransplantes.saude.sc.gov.br,2018-09-27 17:47:45,16163,br,Brasil 
6061,478316,https://opendatacouncil.delaware.gov/ab,2018-09-27 17:55:55,16170,us,Estados Unidos da América
6069,480663,https://waterdata.usgs.gov/ar,2018-09-27 19:24:09,16231,us,Estados Unidos da América
6073,482193,http://geodata.md.gov/gr,2018-09-27 20:20:18,16273,us,Estados Unidos da América
6078,483168,http://www.justiciatransicional.gov.co,2018-09-27 20:54:08,16300,co,Colômbia
6081,483507,http://oj3ttt4og32ibrb5o647bslmt8fjfoa4-a-sites-opensocial.googleusercontent.com/gadgets/ifr?url=https://sites.google.com/a/wyo.gov/ce,2018-09-27 21:06:02,16309,us,Estados Unidos da América
6082,483565,http://geodata.md.gov/Br,2018-09-27 21:07:16,16310,us,Estados Unidos da América
6087,484688,https://transportation.morriscountynj.gov/dr,2018-09-27 21:44:29,16339,us,Estados Unidos da América
6091,485163,https://transportation.morriscountynj.gov/ac,2018-09-27 22:01:18,16352,us,Estados Unidos da América
6095,486274,https://opendatacouncil.delaware.gov/op,2018-09-27 22:42:13,16382,us,Estados Unidos da América
6097,486323,http://sydneylightrail.transport.nsw.gov.au,2018-09-27 22:43:20,16383,au,Austrália 
6105,487422,https://geodata.iowa.gov/,2018-09-27 23:21:42,16412,us,Estados Unidos da América
6114,488518,https://opendata.cheshireeast.gov.uk,2018-09-28 00:01:40,16441,gb,Reino Unido 
6115,488604,http://transparencia.valadares.mg.gov.br,2018-09-28 00:06:01,16444,br,Brasil 
6120,489766,https://opendatacouncil.delaware.gov/co,2018-09-28 00:45:21,16474,us,Estados Unidos da América
6123,490354,http://data.danetsoft.com/regulations.gov/,2018-09-28 01:08:10,16491,us,Estados Unidos da América
6130,491537,https://transportation.morriscountynj.gov/,2018-09-28 01:58:50,16523,us,Estados Unidos da América
6134,492641,https://open.defense.gov/In,2018-09-28 02:38:22,16551,us,Estados Unidos da América
6135,493563,https://opendatacouncil.delaware.gov/li,2018-09-28 03:15:12,16577,us,Estados Unidos da América
6138,494064,https://opendatacouncil.delaware.gov/ge,2018-09-28 03:31:10,16590,us,Estados Unidos da América
6139,494265,https://transportation.morriscountynj.gov/20,2018-09-28 03:38:51,16596,us,Estados Unidos da América
6140,494546,http://96ojvoo7sfa1d0lr0ds7mi2eoobms318-a-sites-opensocial.googleusercontent.com/gadgets/ifr?url=https://sites.google.com/a/wyo.gov/os,2018-09-28 03:49:18,16603,us,Estados Unidos da América
6143,495057,http://transparencia.ribeiraogrande.sp.gov.br,2018-09-28 04:08:35,16616,br,Brasil 
6166,498446,https://data.ok.gov/,2018-09-28 11:19:01,16703,us,Estados Unidos da América
6168,498873,https://data.norfolk.gov/,2018-09-28 11:34:27,16714,us,Estados Unidos da América
6177,499842,https://www.translate.sa.gov.au,2018-09-28 12:12:07,16738,au,Austrália 
6188,501314,http://eddata.fnal.gov/,2018-09-28 13:14:32,16776,us,Estados Unidos da América
6237,508718,https://transportation.baltimorecity.gov/,2018-09-28 17:45:51,16959,us,Estados Unidos da América
6247,509610,http://transparencia.cmacailandia.ma.gov.br,2018-09-28 18:21:27,16982,br,Brasil 
6285,514302,https://paindatabase.nih.gov/,2018-09-28 21:13:30,17103,us,Estados Unidos da América
6292,514725,http://ucrdatatool.gov/,2018-09-28 21:30:23,17114,us,Estados Unidos da América
6309,516596,http://openmappingdata.lambeth.gov.uk,2018-09-28 22:39:32,17161,gb,Reino Unido 
6325,518722,http://transparencia.medianeira.pr.gov.br,2018-09-28 23:53:42,17214,br,Brasil 
6351,521332,https://iccupra-ripatransone.gov.it,2018-09-29 01:27:42,17279,it,Itália 
6352,522296,http://openbudget.nv.gov/,2018-09-29 02:16:28,17305,us,Estados Unidos da América
6356,523681,http://metadata.gov.il,2018-09-29 03:10:46,17342,il,Israel 
6357,524758,https://www.data.gov.ph,2018-09-29 03:50:10,17370,ph,Filipinas
6358,524855,https://www.transitoitagui.gov.co,2018-09-29 03:54:06,17373,co,Colômbia
6360,528881,http://transportation.gov.lb,2018-09-29 06:29:46,17480,lb,Líbano
6363,529811,https://transpweb.pppl.gov/,2018-09-29 07:05:30,17505,us,Estados Unidos da América
6365,530781,https://datacentral.aao.gov.au,2018-09-29 07:46:41,17531,au,Austrália 
6367,532533,https://transfer.it.minedu.gov.gr,2018-09-29 08:52:11,17578,gr,Grécia
6369,533748,https://data.ct.gov/,2018-09-29 09:56:20,17610,us,Estados Unidos da América
6372,535765,https://data.honolulu.gov/,2018-09-29 11:15:57,17665,us,Estados Unidos da América
6373,537227,https://gishubdata.nd.gov/,2018-09-29 12:15:32,17705,us,Estados Unidos da América
6376,540452,https://transitdata.phoenix.gov/,2018-09-29 14:21:34,17793,us,Estados Unidos da América
6377,540781,http://www.ejhardesdata.jharkhand.gov.in,2018-09-29 14:32:30,17801,in,India 
6378,540901,https://waterdata.usgs.gov/ny,2018-09-29 14:37:35,17805,us,Estados Unidos da América
6379,541091,http://data.sob.gov.bd,2018-09-29 14:44:20,17810,bd,Bangladesh 
6380,541560,http://www.transparencia.balsas.ma.gov.br,2018-09-29 15:01:31,17822,br,Brasil 
6381,542415,http://transparencia.avelinolopes.pi.gov.br,2018-09-29 15:37:37,17845,br,Brasil 
6384,545221,https://oceandata.sci.gsfc.nasa.gov/oc,2018-09-29 17:26:20,17920,us,Estados Unidos da América
6399,546840,https://mrdata.usgs.gov/of,2018-09-29 18:21:08,17961,us,Estados Unidos da América
6410,547864,https://mrdata.usgs.gov/ni,2018-09-29 18:51:11,17985,us,Estados Unidos da América
6425,549417,https://mrdata.usgs.gov/ph,2018-09-29 19:37:06,18023,us,Estados Unidos da América
6428,549583,https://mrdata.usgs.gov/la,2018-09-29 19:42:00,18027,us,Estados Unidos da América
6437,550471,https://opendata.howardcountymd.gov/,2018-09-29 20:10:53,18049,us,Estados Unidos da América
6439,550518,http://cv33ufq7dmh5rkiqhgul46f0udss9t03-a-sites-opensocial.googleusercontent.com/gadgets/ifr?url=https://sites.google.com/a/wyo.gov/ra,2018-09-29 20:11:58,18050,us,Estados Unidos da América
6440,550581,http://data.highways.gov.uk,2018-09-29 20:14:51,18052,gb,Reino Unido 
6443,550703,https://mrdata.usgs.gov/su,2018-09-29 20:18:44,18055,us,Estados Unidos da América
6452,551807,http://transport.gov.pg,2018-09-29 20:54:53,18082,pg,Papua Nova Guiné 
6460,552727,https://api.transparency.treasury.gov/,2018-09-29 21:24:38,18106,us,Estados Unidos da América
6461,552760,https://data.bls.gov/re,2018-09-29 21:24:39,18106,us,Estados Unidos da América
6484,554632,https://mrdata.usgs.gov/ca,2018-09-29 22:26:53,18155,us,Estados Unidos da América
6486,554768,https://open.fda.gov/li,2018-09-29 22:30:25,18158,us,Estados Unidos da América
6493,555308,https://help.waterdata.usgs.gov/,2018-09-29 22:48:06,18171,us,Estados Unidos da América
6496,555351,http://6nh1mmvabuavs4r7oqhdkolpb88h1idt-a-sites-opensocial.googleusercontent.com/gadgets/ifr?url=https://sites.google.com/a/wyo.gov/sa,2018-09-29 22:52:28,18173,us,Estados Unidos da América
6498,555555,http://opendata.yakimawa.gov/,2018-09-29 22:59:14,18178,us,Estados Unidos da América
6511,556665,https://mrdata.usgs.gov/ds,2018-09-29 23:36:28,18206,us,Estados Unidos da América
6526,557877,https://mrdata.usgs.gov/nu,2018-09-30 00:17:10,18235,us,Estados Unidos da América
6527,557953,https://transitodelatlantico.gov.co,2018-09-30 00:19:34,18237,co,Colômbia
6530,558091,http://www.tesourotransparente.gov.br,2018-09-30 00:24:38,18241,br,Brasil 
6532,558316,https://mrdata.usgs.gov/po,2018-09-30 00:30:43,18246,us,Estados Unidos da América
6536,558455,http://app.transportes.gov.br,2018-09-30 00:36:16,18250,br,Brasil 
6553,559560,https://data.cincinnati-oh.gov/,2018-09-30 01:11:31,18277,us,Estados Unidos da América
6557,559714,https://open.fda.gov/da,2018-09-30 01:17:04,18281,us,Estados Unidos da América
6558,559866,https://mrdata.usgs.gov/se,2018-09-30 01:21:34,18285,us,Estados Unidos da América
6567,560426,https://mrdata.usgs.gov/ak,2018-09-30 01:44:44,18299,us,Estados Unidos da América
6581,561402,https://mrdata.usgs.gov/re,2018-09-30 02:22:10,18323,us,Estados Unidos da América
6582,561437,https://open.fda.gov/to,2018-09-30 02:23:17,18324,us,Estados Unidos da América
6583,561454,http://www.aptransco.gov.in,2018-09-30 02:23:17,18324,in,India 
6584,561804,https://mrdata.usgs.gov/ge,2018-09-30 02:34:18,18333,us,Estados Unidos da América
6587,562071,https://transferts.govoya,2018-09-30 02:43:33,18340,,
6589,562132,https://mrdata.usgs.gov/ar,2018-09-30 02:45:57,18342,us,Estados Unidos da América
6596,562559,https://mrdata.usgs.gov/en,2018-09-30 02:59:36,18353,us,Estados Unidos da América
6599,562832,http://transparencia.al.gov.br,2018-09-30 03:08:00,18360,br,Brasil 
6601,562855,https://open.fda.gov/ab,2018-09-30 03:09:04,18361,us,Estados Unidos da América
6610,563437,https://mrdata.usgs.gov/ai,2018-09-30 03:27:08,18375,us,Estados Unidos da América
6612,563620,https://mrdata.usgs.gov/nm,2018-09-30 03:31:33,18379,us,Estados Unidos da América
6614,563746,http://transparencia.buritis.ro.gov.br,2018-09-30 03:35:53,18382,br,Brasil 
6618,564219,http://www.transwa.wa.gov.au,2018-09-30 03:52:42,18395,au,Austrália 
6620,564311,https://transition.fcc.gov/eb,2018-09-30 03:55:11,18397,us,Estados Unidos da América
6622,564416,https://open.fda.gov/,2018-09-30 03:59:16,18400,us,Estados Unidos da América
6637,565444,https://oceandata.sci.gsfc.nasa.gov/op,2018-09-30 04:32:39,18426,us,Estados Unidos da América
6645,566022,https://mrdata.usgs.gov/ng,2018-09-30 04:50:41,18440,us,Estados Unidos da América
6649,566457,https://open.fda.gov/ap,2018-09-30 05:06:09,18452,us,Estados Unidos da América
6652,566580,http://www.transparencia.chaco.gov.ar,2018-09-30 05:09:34,18455,ar,Argentina 
6661,567431,https://oceandata.sci.gsfc.nasa.gov/su,2018-09-30 05:38:32,18477,us,Estados Unidos da América
6662,567548,https://mrdata.usgs.gov/ma,2018-09-30 05:41:49,18480,us,Estados Unidos da América
6663,567810,https://mrdata.usgs.gov/dd,2018-09-30 05:50:17,18487,us,Estados Unidos da América
6667,568139,http://www.transport.saratov.gov.ru,2018-09-30 05:59:49,18495,ru,Federação Russa
6675,569049,http://data.industrie.gov.tn,2018-09-30 06:29:25,18518,tn,Tunísia
6684,569842,https://mrdata.usgs.gov/si,2018-09-30 06:53:52,18538,us,Estados Unidos da América
6685,569852,https://mrdata.usgs.gov/mi,2018-09-30 06:53:52,18538,us,Estados Unidos da América
6690,570401,http://mintrans.gov-mu,2018-09-30 07:13:28,18553,,
6691,570535,http://transito.manaus.am.gov.br,2018-09-30 07:17:25,18556,br,Brasil 
6692,570673,https://transportation.house.gov/ne,2018-09-30 07:22:34,18560,us,Estados Unidos da América
6713,573584,http://ukrreftrans.gov.ua,2018-09-30 09:12:23,18645,ua,Ucrânia
6715,574151,https://waterdata.usgs.gov/sc,2018-09-30 09:33:57,18661,us,Estados Unidos da América
6728,576480,https://www.transport.tas.gov.au,2018-09-30 10:53:33,18727,au,Austrália 
6731,576608,http://transparencia.corumbiara.ro.gov.br,2018-09-30 10:58:47,18731,br,Brasil 
6733,576737,https://ip.openadmintools.com/en/dns.gov.il,2018-09-30 11:04:51,18736,il,Israel 
6756,580828,https://www.healthdata.gov/,2018-09-30 13:52:40,18850,us,Estados Unidos da América
6761,581477,https://transportation.house.gov/is,2018-09-30 14:21:08,18868,us,Estados Unidos da América
6763,581762,http://www.data.gov.md,2018-09-30 14:33:16,18876,md,República da Moldova 
6764,581845,http://transparencia.sfxingu.pa.gov.br,2018-09-30 14:36:26,18878,br,Brasil 
6774,582922,https://thedataweb.rm.census.gov/,2018-09-30 15:25:55,18908,us,Estados Unidos da América
6777,583289,https://waterdata.usgs.gov/wi,2018-09-30 15:42:59,18919,us,Estados Unidos da América
6779,583346,https://transportation.house.gov/am,2018-09-30 15:44:07,18920,us,Estados Unidos da América
6782,583674,http://answers.popdata.org/Profile/david.d.dratner@frb.gov/,2018-09-30 15:57:12,18929,us,Estados Unidos da América
6783,583754,http://healthdata.dshs.texas.gov/,2018-09-30 16:00:46,18931,us,Estados Unidos da América
6788,585144,https://transportation.house.gov/wr,2018-09-30 17:04:19,18972,us,Estados Unidos da América
6809,589628,http://transition.fcc.gov/eb,2018-09-30 20:26:04,19099,us,Estados Unidos da América
6825,591301,http://e3be5dv2q1v54i47efppmlri535fcsqt-a-sites-opensocial.googleusercontent.com/gadgets/ifr?url=https://sites.google.com/a/wyo.gov/do,2018-09-30 21:43:48,19147,us,Estados Unidos da América
6826,591753,http://geodata.ormansu.gov.tr,2018-09-30 22:06:31,19160,tr,Turquia
6831,591999,https://openpolicy.blog.gov.uk,2018-09-30 22:21:48,19168,gb,Reino Unido 
6842,593711,https://data.wa.gov/,2018-09-30 23:40:18,19217,us,Estados Unidos da América
6843,594209,http://transparencia.tapejara.rs.gov.br,2018-10-01 00:04:53,19231,br,Brasil 
6871,600375,https://koordinates.com/from/data.waikatodistrict.govt.n,2018-10-01 13:59:57,19404,,
6874,600664,https://open.obamawhitehouse.archives.gov/,2018-10-01 14:25:26,19413,us,Estados Unidos da América
6882,603021,http://nvqklsbja9ndtafprobvdqoh5sqahlmg-a-sites-opensocial.googleusercontent.com/gadgets/ifr?url=https://sites.google.com/a/wyo.gov/oi,2018-10-01 16:11:40,19479,us,Estados Unidos da América
6887,603714,https://spatialdata.gov.sc,2018-10-01 16:40:17,19498,sc,Seychelles
6895,605519,https://open.usa.gov/na,2018-10-01 17:59:12,19546,us,Estados Unidos da América
6897,605739,https://surat.data.gov.in,2018-10-01 18:10:54,19553,in,India 
6901,606801,http://www.transitobarrancabermeja.gov.co,2018-10-01 19:00:25,19582,co,Colômbia
6903,606958,http://transport.gov.lk,2018-10-01 19:06:51,19586,lk,Sri Lanka 
6914,609202,https://open.usa.gov/,2018-10-01 20:45:30,19648,us,Estados Unidos da América
6922,611316,http://www.portaldatransparencia.gov.br,2018-10-01 22:13:33,19705,br,Brasil 
6928,612264,http://bguaelto0bssd7l32ufve5m3j6f5prg9-a-sites-opensocial.googleusercontent.com/gadgets/ifr?url=https://sites.google.com/a/wyo.gov/et,2018-10-01 22:57:52,19731,us,Estados Unidos da América
6936,613376,http://transparencia.borborema.pb.gov.br,2018-10-01 23:49:20,19762,br,Brasil 
6945,615201,https://koordinates.com/from/data.mfe.govt.n,2018-10-02 01:08:24,19809,,
6946,615329,https://koordinates.com/from/datafinder.stats.govt.n,2018-10-02 01:16:21,19813,,
6947,615609,https://koordinates.com/from/data.linz.govt.n,2018-10-02 01:28:17,19820,,
6960,618844,https://openpaymentsdata.cms.gov/,2018-10-02 04:07:17,19907,us,Estados Unidos da América
6962,619153,http://www.transparencia.coroata.ma.gov.br,2018-10-02 04:21:28,19915,br,Brasil 
6969,620106,http://transition.fcc.gov/in,2018-10-02 05:09:12,19940,us,Estados Unidos da América
6974,620504,http://transparencia.tabapua.sp.gov.br,2018-10-02 05:26:40,19950,br,Brasil 
6978,620901,https://datawebbeta.usitc.gov/,2018-10-02 05:47:33,19961,us,Estados Unidos da América
6996,626132,https://waterdata.usgs.gov/CO,2018-10-02 11:07:59,20097,us,Estados Unidos da América
7013,628634,http://www.transparenciacarioca.rio.gov.br,2018-10-02 13:36:23,20162,br,Brasil 
7016,629081,http://www.transitofloridablanca.gov.co,2018-10-02 13:56:11,20173,co,Colômbia
7017,629332,https://dataprotection.gov.sk,2018-10-02 14:08:50,20179,sk,Eslováquia
7020,629808,http://data.coa.gov.tw,2018-10-02 14:31:24,20192,tw,Taiwan
7026,630121,https://www.transit.dot.gov/,2018-10-02 14:43:53,20200,us,Estados Unidos da América
7028,630534,https://waterdata.usgs.gov/ca,2018-10-02 14:59:10,20211,us,Estados Unidos da América
7048,633131,https://transparencia.araruna.pb.gov.br,2018-10-02 16:46:27,20279,br,Brasil 
7050,633402,https://open.omb.delaware.gov/,2018-10-02 16:58:22,20286,us,Estados Unidos da América
7060,634858,https://openpaymentsdata.cms.gov/se,2018-10-02 18:02:21,20324,us,Estados Unidos da América
7071,636386,http://data.bassetlaw.gov.uk,2018-10-02 19:10:15,20364,gb,Reino Unido 
7074,636990,https://opendata.tel-aviv.gov.il,2018-10-02 19:35:13,20380,il,Israel 
7076,637195,http://transparencia.damiao.pb.gov.br,2018-10-02 19:43:04,20385,br,Brasil 
7089,638814,https://data.permits.performance.gov/,2018-10-02 20:43:48,20425,us,Estados Unidos da América
7092,638993,https://openpaymentsdata.cms.gov/da,2018-10-02 20:52:36,20430,us,Estados Unidos da América
7095,639468,http://forum.datasus.gov.br,2018-10-02 21:11:33,20442,br,Brasil 
7096,639525,http://transparencia.cacaulandia.ro.gov.br,2018-10-02 21:14:54,20444,br,Brasil 
7099,639771,https://openpaymentsdata.cms.gov/w/,2018-10-02 21:24:59,20450,us,Estados Unidos da América
7102,640089,http://www.grampiancaredata.gov.uk,2018-10-02 21:40:10,20459,gb,Reino Unido 
7104,640417,http://transparencia.franciscoayres.pi.gov.br,2018-10-02 21:52:57,20468,br,Brasil 
7107,640523,http://transparencia.caumg.gov.br,2018-10-02 21:57:52,20471,br,Brasil 
7108,640783,https://bulkdata.uspto.gov/da,2018-10-02 22:10:10,20478,us,Estados Unidos da América
7112,641246,https://revenuedata.doi.gov/,2018-10-02 22:28:35,20489,us,Estados Unidos da América
7118,642093,http://dataportal.belstat.gov.by,2018-10-02 23:06:46,20512,by,Belarus
7144,646372,http://transitoleme.sp.gov.br,2018-10-03 05:49:48,20625,br,Brasil 
7159,648148,https://data.nodc.noaa.gov/no,2018-10-03 07:24:22,20672,us,Estados Unidos da América
7160,648247,http://transporteuniversitario.juventude.ma.gov.br,2018-10-03 07:29:32,20675,br,Brasil 
7184,652692,https://revenuedata.doi.gov/ab,2018-10-03 10:53:56,20792,us,Estados Unidos da América
7199,656243,http://transportes.gov.br,2018-10-03 13:37:19,20887,br,Brasil 
7202,656537,https://abledata.acl.gov/,2018-10-03 13:51:42,20895,us,Estados Unidos da América
7205,657161,http://listdata.thelist.tas.gov.au,2018-10-03 14:17:36,20911,au,Austrália 
7207,657272,http://a8cqu64ctag20pbjep7knt4nmjrvhl45-a-sites-opensocial.googleusercontent.com/gadgets/ifr?url=https://sites.google.com/a/wyo.gov/wy,2018-10-03 14:23:29,20914,us,Estados Unidos da América
7209,657821,https://revenuedata.doi.gov/ex,2018-10-03 14:46:24,20929,us,Estados Unidos da América
7219,659489,https://revenuedata.doi.gov/do,2018-10-03 16:04:46,20973,us,Estados Unidos da América
7220,659520,https://data.lcb.wa.gov/,2018-10-03 16:07:15,20974,us,Estados Unidos da América
7221,659653,http://data.moi.gov.tw,2018-10-03 16:13:12,20978,tw,Taiwan
7224,660360,https://revenuedata.doi.gov/ho,2018-10-03 16:42:27,20997,us,Estados Unidos da América
7227,660885,https://data.nodc.noaa.gov/co,2018-10-03 17:04:53,21011,us,Estados Unidos da América
7228,661154,https://www.service.transport.qld.gov.au,2018-10-03 17:15:05,21018,au,Austrália 
7229,661222,http://transparencia.camaradavitoria.pe.gov.br,2018-10-03 17:18:50,21020,br,Brasil 
7249,664700,https://servicos.dataprev.gov.br,2018-10-03 19:53:26,21115,br,Brasil 
7250,664728,https://revenuedata.doi.gov/st,2018-10-03 19:53:27,21115,us,Estados Unidos da América
7265,667855,http://audit.data.gov.ie,2018-10-03 22:13:05,21203,ie,Irlanda 
7266,667945,https://transparencia.tce.go.gov.br,2018-10-03 22:18:14,21206,br,Brasil 
7273,668674,http://data.ntpc.gov.tw,2018-10-03 22:49:34,21226,tw,Taiwan
7274,668701,http://www.transparencia.cmgovernadoreugeniobarros.ma.gov.br,2018-10-03 22:49:34,21226,,
7287,672080,http://web.transparencia.pe.gov.br,2018-10-04 01:18:50,21318,br,Brasil 
7293,672945,http://transparencia.aracaju.se.gov.br,2018-10-04 02:01:25,21342,br,Brasil 
7298,673986,http://www.transparency.ms.gov/,2018-10-04 02:50:33,21371,us,Estados Unidos da América
7301,674786,http://portaldatransparencia.gov.br,2018-10-04 03:22:57,21392,br,Brasil 
7306,675665,https://financialtransparency.traviscountytx.gov/,2018-10-04 03:57:30,21415,us,Estados Unidos da América
7329,680727,https://data.birmingham.gov.uk,2018-10-04 07:52:27,21555,gb,Reino Unido 
7336,681954,http://aj7e9d8fcvmadftgah1qnfocvlalem87-a-sites-opensocial.googleusercontent.com/gadgets/ifr?url=https://sites.google.com/a/wyo.gov/se,2018-10-04 08:47:43,21588,us,Estados Unidos da América
7338,682280,http://portaldatransparencia.tabocasdobrejovelho.ba.gov.br,2018-10-04 09:02:18,21597,br,Brasil 
7342,683108,http://transparencia.pedroafonso.to.gov.br,2018-10-04 09:38:36,21620,br,Brasil 
7358,686718,https://data.austintexas.gov/st,2018-10-04 12:14:39,21720,us,Estados Unidos da América
7361,687046,https://transportation.house.gov/ai,2018-10-04 12:28:42,21729,us,Estados Unidos da América
7362,687116,https://transportation.house.gov/pi,2018-10-04 12:32:03,21731,us,Estados Unidos da América
7365,687605,http://opengov.pdm.gov.gr,2018-10-04 12:51:20,21743,pd,
7374,690158,https://data.results.wa.gov/st,2018-10-04 14:43:07,21814,us,Estados Unidos da América
7376,691433,http://transparencia.saocaetano.pe.gov.br,2018-10-05 02:18:28,21850,br,Brasil 
7379,692309,http://transparencia.pimenteiras.pi.gov.br,2018-10-05 02:39:55,21877,br,Brasil 
7384,692856,http://data.kinmen.gov.tw,2018-10-05 02:55:39,21895,tw,Taiwan
7391,694347,https://mynasadata.larc.nasa.gov/we,2018-10-05 03:33:37,21942,us,Estados Unidos da América
7397,696709,https://data.memphistn.gov/,2018-10-05 04:38:04,22018,us,Estados Unidos da América
7398,696945,http://vtrans.vermont.gov/pl,2018-10-05 04:45:07,22026,us,Estados Unidos da América
7401,697222,https://mynasadata.larc.nasa.gov/th,2018-10-05 04:53:08,22035,us,Estados Unidos da América
7403,697727,http://vtrans.vermont.gov/hi,2018-10-05 05:06:42,22052,us,Estados Unidos da América
7406,698301,http://www.geodata.govt.n,2018-10-05 05:22:29,22070,,
7408,698425,https://mynasadata.larc.nasa.gov/ai,2018-10-05 05:24:54,22073,us,Estados Unidos da América
7412,698907,https://mynasadata.larc.nasa.gov/da,2018-10-05 05:37:06,22088,us,Estados Unidos da América
7418,699994,http://transparencia.fernandofalcao.ma.gov.br,2018-10-05 06:04:25,22122,br,Brasil 
7419,700027,http://transparencia.monsenhorhipolito.pi.gov.br,2018-10-05 06:05:24,22123,br,Brasil 
7421,700319,https://mynasadata.larc.nasa.gov/tr,2018-10-05 06:12:46,22132,us,Estados Unidos da América
7427,700929,https://mynasadata.larc.nasa.gov/fe,2018-10-05 06:28:37,22152,us,Estados Unidos da América
7428,701330,http://vtrans.vermont.gov/cr,2018-10-05 06:38:38,22164,us,Estados Unidos da América
7429,701443,https://mynasadata.larc.nasa.gov/hi,2018-10-05 06:41:20,22167,us,Estados Unidos da América
7432,701608,https://mynasadata.larc.nasa.gov/ed,2018-10-05 06:45:18,22172,us,Estados Unidos da América
7434,701859,https://data.oregon.gov/w/,2018-10-05 06:52:30,22180,us,Estados Unidos da América
7437,702401,https://mynasadata.larc.nasa.gov/aq,2018-10-05 07:07:12,22198,us,Estados Unidos da América
7438,702551,https://data.bionet.nsw.gov.au,2018-10-05 07:10:20,22202,au,Austrália 
7440,702860,http://datanorte.rn.gov.br,2018-10-05 07:18:11,22212,br,Brasil 
7441,702875,http://vtrans.vermont.gov/ca,2018-10-05 07:18:12,22212,us,Estados Unidos da América
7443,703119,https://mynasadata.larc.nasa.gov/te,2018-10-05 07:24:52,22220,us,Estados Unidos da América
7445,703267,https://mynasadata.larc.nasa.gov/mn,2018-10-05 07:29:33,22225,us,Estados Unidos da América
7447,703363,https://data-science.llnl.gov/,2018-10-05 07:32:09,22228,us,Estados Unidos da América
7448,703777,https://mynasadata.larc.nasa.gov/la,2018-10-05 07:43:30,22242,us,Estados Unidos da América
7449,703828,https://cardtransactions.campaign.gov.uk,2018-10-05 07:45:33,22244,gb,Reino Unido 
7450,704050,https://datamapper.geo.census.gov/,2018-10-05 07:49:51,22250,us,Estados Unidos da América
7451,704232,http://dataprev.gov.br,2018-10-05 07:53:41,22255,br,Brasil 
7457,705355,http://negocios.transmilenio.gov.co,2018-10-05 08:24:17,22292,co,Colômbia
7459,705840,https://mynasadata.larc.nasa.gov/el,2018-10-05 08:40:01,22307,us,Estados Unidos da América
7460,705965,https://mynasadata.larc.nasa.gov/li,2018-10-05 08:43:25,22311,us,Estados Unidos da América
7462,706356,https://mynasadata.larc.nasa.gov/en,2018-10-05 08:54:52,22324,us,Estados Unidos da América
7463,706434,http://www.transparencia.chorrocho.ba.gov.br,2018-10-05 08:56:51,22326,br,Brasil 
7465,706627,https://mynasadata.larc.nasa.gov/ra,2018-10-05 09:02:30,22332,us,Estados Unidos da América
7466,706781,https://www.transit.dot.gov/TA,2018-10-05 09:07:03,22337,us,Estados Unidos da América
7470,707591,https://mynasadata.larc.nasa.gov/my,2018-10-05 09:29:00,22363,us,Estados Unidos da América
7472,708555,http://vtrans.vermont.gov/av,2018-10-05 09:55:30,22393,us,Estados Unidos da América
7473,708912,https://mynasadata.larc.nasa.gov/ac,2018-10-05 10:06:03,22405,us,Estados Unidos da América
7474,708927,https://mynasadata.larc.nasa.gov/le,2018-10-05 10:06:45,22406,us,Estados Unidos da América
7475,709105,http://dataavailability.pmc.gov.au,2018-10-05 10:11:28,22411,au,Austrália 
7476,709123,https://mynasadata.larc.nasa.gov/ca,2018-10-05 10:11:29,22411,us,Estados Unidos da América
7477,709468,https://mynasadata.larc.nasa.gov/co,2018-10-05 10:21:04,22423,us,Estados Unidos da América
7478,709532,https://mynasadata.larc.nasa.gov/ci,2018-10-05 10:23:05,22425,us,Estados Unidos da América
7479,709746,http://vtrans.vermont.gov/ci,2018-10-05 13:44:54,22432,us,Estados Unidos da América
7481,710192,https://mynasadata.larc.nasa.gov/np,2018-10-05 14:02:10,22446,us,Estados Unidos da América
7482,710478,https://trans.nih.gov/,2018-10-05 14:12:06,22456,us,Estados Unidos da América
7483,710515,https://mynasadata.larc.nasa.gov/or,2018-10-05 14:12:49,22457,us,Estados Unidos da América
7487,710801,http://transparencia.detran.rr.gov.br,2018-10-05 14:21:59,22467,br,Brasil 
7490,712111,https://data.oregon.gov/da,2018-10-05 14:57:21,22509,us,Estados Unidos da América
7492,712300,https://mynasadata.larc.nasa.gov/sc,2018-10-05 15:01:41,22515,us,Estados Unidos da América
7493,712339,http://translate.sbcounty.gov/,2018-10-05 15:03:37,22517,us,Estados Unidos da América
7494,712358,http://vtrans.vermont.gov/co,2018-10-05 15:04:21,22518,us,Estados Unidos da América
7497,712593,https://srtr.transplant.hrsa.gov/,2018-10-05 15:09:36,22525,us,Estados Unidos da América
7498,712680,https://mynasadata.larc.nasa.gov/me,2018-10-05 15:12:31,22528,us,Estados Unidos da América
7499,712746,https://mynasadata.larc.nasa.gov/oy,2018-10-05 15:14:46,22530,us,Estados Unidos da América
7501,712837,https://mynasadata.larc.nasa.gov/us,2018-10-05 15:16:29,22532,us,Estados Unidos da América
7502,713543,https://mynasadata.larc.nasa.gov/gl,2018-10-05 15:35:13,22555,us,Estados Unidos da América
7508,715013,http://geodata.hawaii.gov/en,2018-10-07 21:01:23,22604,us,Estados Unidos da América
7516,716186,http://www.transparencia.penalva.ma.gov.br,2018-10-07 21:31:08,22641,br,Brasil 
7519,716668,http://transparencia.novamamore.ro.gov.br,2018-10-07 21:44:49,22657,br,Brasil 
7521,716729,http://data.tlswjw.gov.cn,2018-10-07 21:45:32,22658,cn,China
7522,716773,https://data.gov.cz,2018-10-07 21:46:55,22660,cz,República Tcheca 
7534,718539,https://transparencia.campos.rj.gov.br,2018-10-07 22:31:45,22717,br,Brasil 
7540,719092,https://airdata.azdeq.gov/Ai,2018-10-07 22:47:19,22735,us,Estados Unidos da América
7541,719143,https://data.littlerock.gov/,2018-10-07 22:48:02,22736,us,Estados Unidos da América
7554,720430,http://data.shgrain.gov.cn,2018-10-07 23:21:25,22777,cn,China
7562,721488,https://waterdata.usgs.gov/ne,2018-10-07 23:50:03,22812,us,Estados Unidos da América
7574,722552,http://dataprotection.gov.mt,2018-10-08 00:21:02,22846,mt,Malta
7590,725023,https://open.defense.gov/Li,2018-10-08 01:24:20,22926,us,Estados Unidos da América
7593,725550,https://opendata.transport.nsw.gov.au,2018-10-08 01:40:59,22944,au,Austrália 
7599,726571,https://waterdata.usgs.gov/nh,2018-10-08 02:11:44,22976,us,Estados Unidos da América
7614,728665,http://dados.transportes.gov.br,2018-10-08 03:07:49,23044,br,Brasil 
7620,729214,http://jhtransport.gov.in,2018-10-08 03:21:33,23062,in,India 
7629,730164,http://openrev.redditchbc.gov.uk,2018-10-08 03:47:26,23093,gb,Reino Unido 
7648,731756,http://maritimemanagement.transport.nsw.gov.au,2018-10-08 04:30:54,23144,au,Austrália 
7657,732625,https://oceandata.sci.gsfc.nasa.gov/,2018-10-08 04:53:01,23172,us,Estados Unidos da América
7658,732836,http://e4cb73fmo4io1dtj6dqneiit722b0mvi-a-sites-opensocial.googleusercontent.com/gadgets/ifr?url=https://sites.google.com/a/wyo.gov/sp,2018-10-08 04:58:41,23179,us,Estados Unidos da América
7663,733391,https://open.defense.gov/Re,2018-10-08 05:12:59,23197,us,Estados Unidos da América
7676,734866,https://open.defense.gov/Tr,2018-10-08 05:52:09,23244,us,Estados Unidos da América
7681,735429,https://open.defense.gov/Op,2018-10-08 06:10:13,23264,us,Estados Unidos da América
7683,735535,https://oceandata.sci.gsfc.nasa.gov/MO,2018-10-08 06:13:08,23267,us,Estados Unidos da América
7685,735607,https://waterdata.usgs.gov/nm,2018-10-08 06:14:31,23269,us,Estados Unidos da América
7686,735683,http://geodata.hawaii.gov/,2018-10-08 06:16:37,23272,us,Estados Unidos da América
7687,735759,https://transformingtogether.blog.gov.uk,2018-10-08 06:18:44,23275,gb,Reino Unido 
7688,735762,https://data.mfe.govt.n,2018-10-08 06:18:44,23275,,
7692,736175,https://www.transportation.gov/tr,2018-10-08 06:28:21,23287,us,Estados Unidos da América
7697,736766,http://www.data.gov.gr,2018-10-08 06:43:07,23304,gr,Grécia
7698,736779,https://fosmcourtdatabase.nps.gov/,2018-10-08 06:43:50,23305,us,Estados Unidos da América
7701,737078,https://www.transportation.gov/ci,2018-10-08 06:50:26,23314,us,Estados Unidos da América
7714,738281,https://opendata.cpsc.gov/,2018-10-08 07:20:34,23352,us,Estados Unidos da América
7717,738750,http://transparencia.pa.gov.br,2018-10-08 07:32:58,23368,br,Brasil 
7724,739289,https://translations.state.gov/la,2018-10-08 07:46:24,23384,us,Estados Unidos da América
7742,741130,http://transparenciapublica.gov.br,2018-10-08 08:35:57,23441,br,Brasil 
7744,741436,https://data.nal.usda.gov/,2018-10-08 08:43:26,23451,us,Estados Unidos da América
7751,741852,http://transparencia.portorico.ma.gov.br,2018-10-08 08:54:07,23464,br,Brasil 
7768,743442,https://waterdata.usgs.gov/pr,2018-10-08 09:36:38,23512,us,Estados Unidos da América
7771,743549,https://www.transportation.gov/,2018-10-08 09:39:49,23516,us,Estados Unidos da América
7772,743586,https://www.transportation.gov/od,2018-10-08 09:40:43,23517,us,Estados Unidos da América
7801,746706,https://www.transportation.gov/ma,2018-10-08 11:01:38,23616,us,Estados Unidos da América
7809,747581,https://apps.transportation.ky.gov/,2018-10-08 11:24:21,23643,us,Estados Unidos da América
7819,748177,http://realtimedata.water.nsw.gov.au,2018-10-08 11:39:03,23661,au,Austrália 
7822,748361,https://blog.data.gov.au,2018-10-08 11:43:27,23667,au,Austrália 
7825,748891,http://transparencia.serra.es.gov.br,2018-10-08 11:56:59,23684,br,Brasil 
7855,751027,https://www.transportation.gov/pn,2018-10-08 12:51:11,23749,us,Estados Unidos da América
7872,752521,https://searchopencutpermits.mt.gov/,2018-10-08 13:31:58,23794,us,Estados Unidos da América
7887,753972,https://statistical-data-integration.govspa,2018-10-08 14:07:35,23840,,
7910,756493,http://ministryoftransport.gov.gi,2018-10-08 15:13:27,23921,gi,Gibraltar
7912,756590,http://transparencia.iperon.ro.gov.br,2018-10-08 15:14:52,23923,br,Brasil 
7916,756894,http://transport.gov.ie,2018-10-08 15:23:29,23933,ie,Irlanda 
7918,756985,https://opendata.govern,2018-10-08 15:25:14,23935,,
7919,757012,https://transforming-classification.blogs.archives.gov/,2018-10-08 15:25:56,23936,us,Estados Unidos da América
7930,757946,https://translations.state.gov/20,2018-10-08 16:00:36,23966,us,Estados Unidos da América
7934,758120,https://openforbiz.mo.gov/,2018-10-08 16:04:41,23971,us,Estados Unidos da América
7936,758292,http://transparencia.santarosadopiaui.pi.gov.br,2018-10-08 16:09:51,23977,br,Brasil 
7937,758712,http://transparencia.belem.pb.gov.br,2018-10-08 16:19:54,23990,br,Brasil 
7938,758939,https://community.data.gov.in,2018-10-08 16:24:17,23996,in,India 
7939,760035,https://ocrdata.ed.gov/St,2018-10-08 16:54:39,24032,us,Estados Unidos da América
7940,761803,https://project-open-data.cio.gov/,2018-10-08 17:44:09,24091,us,Estados Unidos da América
7941,761942,https://opendata.gov.cz,2018-10-08 17:46:30,24094,cz,República Tcheca 
7942,762034,https://clients.translate.sa.gov.au,2018-10-08 17:49:06,24097,au,Austrália 
7943,762673,https://project-open-data.cio.gov/li,2018-10-08 18:04:50,24116,us,Estados Unidos da América
7944,763059,https://project-open-data.cio.gov/v1,2018-10-08 18:16:35,24130,us,Estados Unidos da América
7945,763104,http://datacenter.taichung.gov.tw,2018-10-08 18:17:18,24131,tw,Taiwan
7946,765089,http://transparencia.atalaia.al.gov.br,2018-10-08 19:13:36,24197,br,Brasil 
7947,765679,https://openagricola.nal.usda.gov/,2018-10-08 19:30:03,24217,us,Estados Unidos da América
7949,766414,https://project-open-data.cio.gov/is,2018-10-08 19:49:19,24241,us,Estados Unidos da América
7950,771687,https://ocrdata.ed.gov/,2018-10-08 22:08:30,24410,us,Estados Unidos da América
7951,771803,https://project-open-data.cio.gov/me,2018-10-08 22:11:21,24414,us,Estados Unidos da América
7952,772185,https://data.cms.gov/,2018-10-08 22:21:54,24426,us,Estados Unidos da América
7953,773183,http://opendata.e-land.gov.tw,2018-10-08 22:48:46,24458,tw,Taiwan
7954,773612,https://waterdata.usgs.gov/sd,2018-10-08 22:59:37,24471,us,Estados Unidos da América
7955,775944,http://transparencia.mg.gov.br,2018-10-09 00:01:11,24545,br,Brasil 
7956,776206,http://www.transportes.mendoza.gov.ar,2018-10-09 00:08:01,24553,ar,Argentina 
7957,777005,https://project-open-data.cio.gov/sc,2018-10-09 00:30:20,24579,us,Estados Unidos da América
7958,777165,http://transparencia.gov.br,2018-10-09 00:35:40,24585,br,Brasil 
7959,777431,https://project-open-data.cio.gov/ep,2018-10-09 00:43:08,24593,us,Estados Unidos da América
7960,778530,http://www010.dataprev.gov.br,2018-10-09 01:11:24,24627,br,Brasil 
7961,781022,https://opendata.fcc.gov/,2018-10-09 02:30:42,24707,us,Estados Unidos da América
8032,788460,https://data.gov.hk,2018-10-09 06:27:16,24958,hk,Hong-Kong 
8033,788968,http://data.mainepublichealth.gov/,2018-10-09 06:43:31,24977,us,Estados Unidos da América
8045,791344,http://www.opensso.mp.gov.in,2018-10-09 07:50:16,25056,in,India 
8056,792519,https://data.mainepublichealth.gov/tr,2018-10-09 08:23:03,25094,us,Estados Unidos da América
8058,792680,https://goatransport.gov.in,2018-10-09 08:29:04,25100,in,India 
8066,793820,http://www.transparencia.am.gov.br,2018-10-09 09:01:30,25140,br,Brasil 
8075,794037,https://ocsdata.ncd.noaa.gov/,2018-10-09 09:06:14,25146,us,Estados Unidos da América
8083,795045,http://transparencia.santanadoitarare.pr.gov.br,2018-10-09 09:37:02,25181,br,Brasil 
8090,795920,http://transparencia.prefeituradecachoeiragrande.ma.gov.br,2018-10-09 10:02:07,25209,br,Brasil 
8105,798438,http://transparencia.caual.gov.br,2018-10-09 11:16:21,25293,br,Brasil 
8113,799241,http://open.baldwincountyal.gov/,2018-10-09 11:38:10,25320,us,Estados Unidos da América
8120,799954,http://opendata.interieur.gov.tn,2018-10-09 11:59:07,25344,tn,Tunísia
8129,800913,http://data.belmont.gov/,2018-10-09 12:27:02,25377,us,Estados Unidos da América
8130,800928,https://ocsdata.ncd.noaa.gov/HS,2018-10-09 12:27:47,25378,us,Estados Unidos da América
8132,801197,http://data.energynpsconsultation.decc.gov.uk,2018-10-09 12:35:15,25387,gb,Reino Unido 
8137,801570,http://budget.open.gov.ru,2018-10-09 12:45:32,25399,ru,Federação Russa
8143,802205,http://spbtourismdata.gov.sp,2018-10-09 13:05:35,25421,sp,
8145,802257,https://data.linz.govt.n,2018-10-09 13:07:16,25423,,
8147,802556,http://open.gov.ru,2018-10-09 13:15:03,25433,ru,Federação Russa
8174,805076,https://eddataexpress.ed.gov/,2018-10-09 14:23:02,25513,us,Estados Unidos da América
8187,806330,https://www.transportation.gov/po,2018-10-09 15:07:28,25553,us,Estados Unidos da América
8211,808791,http://www.transparencia.serrano.ma.gov.br,2018-10-09 16:15:58,25632,br,Brasil 
8222,809644,http://transparencia.antonioalmeida.pi.gov.br,2018-10-09 17:47:03,25659,br,Brasil 
8238,810729,https://data.nationalservice.gov/,2018-10-09 18:24:59,25696,us,Estados Unidos da América
8256,812075,https://data.texas.gov/,2018-10-09 18:58:03,25738,us,Estados Unidos da América
8265,812792,http://gestiondocumental.mintransporte.gov.co,2018-10-09 19:15:49,25761,co,Colômbia
8286,814603,http://data.gov.lk,2018-10-10 19:40:03,25821,lk,Sri Lanka 
8300,815358,http://data.gov.md,2018-10-10 19:57:32,25845,md,República da Moldova 
8304,815799,https://waterdata.usgs.gov/fl,2018-10-10 20:09:23,25858,us,Estados Unidos da América
8305,815837,https://data.texas.gov/co,2018-10-10 20:10:05,25859,us,Estados Unidos da América
8309,816203,https://data.pa.gov/st,2018-10-10 20:18:41,25871,us,Estados Unidos da América
8321,817174,https://waterdata.usgs.gov/wa,2018-10-10 20:42:49,25903,us,Estados Unidos da América
8325,817570,https://transparencia.manaus.am.gov.br,2018-10-10 20:53:26,25916,br,Brasil 
8326,818041,http://transparencia.cba.gov.ar,2018-10-10 21:05:09,25932,ar,Argentina 
8372,821760,http://geodata.vermont.gov/,2018-10-10 22:39:45,26056,us,Estados Unidos da América
8377,822321,https://data.pa.gov/,2018-10-10 22:52:27,26074,us,Estados Unidos da América
8385,823220,http://opendata.dc.gov/,2018-10-10 23:16:07,26103,us,Estados Unidos da América
8387,823300,https://eddataexpress.ed.gov/da,2018-10-10 23:17:37,26105,us,Estados Unidos da América
8397,824116,http://transparencia.uirauna.pb.gov.br,2018-10-10 23:36:12,26130,br,Brasil 
8398,824148,http://datamart.business.transportation.ky.gov/ED,2018-10-10 23:36:54,26131,us,Estados Unidos da América
8402,824274,http://geodata.govt.n,2018-10-10 23:39:47,26135,,
8404,824409,https://eddataexpress.ed.gov/st,2018-10-10 23:42:44,26139,us,Estados Unidos da América
8406,824504,http://www.indianembassycopenhagen.gov.in,2018-10-10 23:44:50,26142,in,India 
8409,824932,http://anrgeodata.vermont.gov/,2018-10-10 23:54:26,26155,us,Estados Unidos da América
8413,825514,https://cdn.earthdata.nasa.gov/is,2018-10-11 00:10:10,26173,us,Estados Unidos da América
8414,825621,https://data.dundeecity.gov.uk,2018-10-11 00:12:59,26177,gb,Reino Unido 
8416,826001,https://www.transportation.gov/fe,2018-10-11 00:21:56,26189,us,Estados Unidos da América
8440,829328,http://hoosierdata.in.gov/in,2018-10-11 01:42:54,26292,us,Estados Unidos da América
8442,829665,http://transparencia.defensoria.df.gov.br,2018-10-11 01:52:32,26303,br,Brasil 
8445,829810,https://earthdata.nasa.gov/,2018-10-11 01:56:22,26308,us,Estados Unidos da América
8452,830667,https://www.transportation.virginia.gov/,2018-10-11 02:18:53,26335,us,Estados Unidos da América
8454,830978,https://transparencia.pontealtadotocantins.to.gov.br,2018-10-11 02:26:21,26345,br,Brasil 
8455,831031,http://healthdata.vermont.gov/,2018-10-11 02:27:44,26347,us,Estados Unidos da América
8457,831345,https://www.transportation.virginia.gov/we,2018-10-11 02:36:17,26357,us,Estados Unidos da América
8468,832674,http://hoosierdata.in.gov/,2018-10-11 03:09:26,26400,us,Estados Unidos da América
8469,832765,https://www.transportation.virginia.gov/ab,2018-10-11 03:11:17,26402,us,Estados Unidos da América
8477,833777,https://waterdata.usgs.gov/nw,2018-10-11 03:38:24,26436,us,Estados Unidos da América
8494,835809,http://www.portaltransparencia.gov.br,2018-10-11 04:29:11,26502,br,Brasil 
8501,836885,http://transparencia.centralina.mg.gov.br,2018-10-11 04:56:46,26538,br,Brasil 
8505,837606,https://data.tucsonaz.gov/,2018-10-11 05:14:55,26562,us,Estados Unidos da América
8508,838266,http://www.terminaldetransporte.gov.co,2018-10-11 05:29:37,26582,co,Colômbia
8516,839008,https://data.macoupincountyil.gov/,2018-10-11 05:48:51,26606,us,Estados Unidos da América
8520,839432,http://data.dg.gov.cn,2018-10-11 05:59:18,26620,cn,China
8522,839746,https://data.monroecounty-fl.gov/,2018-10-11 06:07:26,26630,us,Estados Unidos da América
8527,840259,https://data.gov.bc,2018-10-11 06:18:59,26646,bc,
8537,842489,https://www.transportation.virginia.gov/ag,2018-10-11 07:12:32,26717,us,Estados Unidos da América
8541,843800,http://transportation.lagosstate.gov.ng,2018-10-11 07:46:13,26760,ng,Nigéria
8543,844330,https://www.transportation.virginia.gov/re,2018-10-11 07:59:15,26777,us,Estados Unidos da América
8549,846449,http://portaltransparencia.gov.br,2018-10-11 08:50:24,26845,br,Brasil 
8553,846943,https://digitalanddata.blog.gov.wa,2018-10-11 09:00:55,26859,wa,
8558,847573,https://ncsesdata.nsf.gov/pr,2018-10-11 09:16:04,26879,us,Estados Unidos da América
8588,853500,https://www.transportation.gov/re,2018-10-13 16:57:55,27078,us,Estados Unidos da América
8594,854499,https://data.london.gov.uk,2018-10-13 17:22:51,27111,gb,Reino Unido 
8599,855243,https://www.transportation.gov/br,2018-10-13 17:41:50,27136,us,Estados Unidos da América
8626,859257,https://transparencia.areia.pb.gov.br,2018-10-13 19:23:48,27274,br,Brasil 
8627,859683,http://www.transport.gov.mt,2018-10-13 19:32:47,27287,mt,Malta
8661,862639,http://data.motcmpb.gov.tw,2018-10-13 20:53:19,27385,tw,Taiwan
8668,863527,http://www3.transparencia.gov.br,2018-10-13 21:16:27,27417,br,Brasil 
8683,865610,http://opendata.fortsmithar.gov/,2018-10-13 22:08:01,27487,us,Estados Unidos da América
8689,866366,http://pnass.datasus.gov.br,2018-10-13 22:26:23,27512,br,Brasil 
8691,866703,http://transport.cwp.govt.n,2018-10-13 22:37:46,27523,,
8696,867367,https://www.accessdata.fda.gov/sc,2018-10-13 22:55:46,27547,us,Estados Unidos da América
8700,868122,http://transwa.wa.gov.au,2018-10-13 23:14:00,27572,au,Austrália 
8707,868688,http://data.gov.sp,2018-10-13 23:27:33,27591,sp,
8708,868715,https://www.transport.gov.sc,2018-10-13 23:28:15,27592,sc,Seychelles
8709,870348,http://transparencia.carneirinho.mg.gov.br,2018-10-14 00:06:35,27643,br,Brasil 
8710,870356,https://data-archive.nimh.nih.gov/,2018-10-14 00:06:35,27643,us,Estados Unidos da América
8711,870417,https://data.oregon.gov/Re,2018-10-14 00:08:06,27645,us,Estados Unidos da América
